pre_pt_root_id,id,post_pt_root_id,connection_score,cleft_score,gaba,ach,glut,oct,ser,da,post_pt_position_x,post_pt_position_y,post_pt_position_z,pre_pt_position_x,pre_pt_position_y,pre_pt_position_z,DL2d_R,VC2_L,VA6_L,DC3_R,VM6_L,VP2_R,DL4_L,VM4_L,VA4_L,DC1_R,DA4m_R,VM7v_R,DM5_R,DA1_R,VC4_L,VL2a_R,VL1_R,DM1_R,VP4_R,D_R,VM5v_R,DP1m_R,VP1d_L,VA2_L,VM2_L,VP1l_R,VA7m_L,VL2p_L,DM3_R,VA1d_R,DA3_R,DA4l_R,VA5_L,DL5_L,VM7d_L,DM4_R,VC1_L,DL2v_L,VC3_L,DM6_R,VP3_R,DC2_R,DL3_L,VA7l_L,VM3_L,VP1m_R,VA3_L,DA2_R,DM2_R,VA1v_L,VC5_L,DP1l_R,DC4_R,VM5d_L,V_L,DL1_L,VP5_R,VM1_L,DA4l_L,VA5_R,DL5_R,VM7d_R,DM4_L,VC1_R,DL2v_R,VC3_R,DM6_L,VP3_L,DC2_L,VA7l_R,DL3_R,VM3_R,VP1m_L,VA3_R,DA2_L,DM2_L,VA1v_R,VC5_R,DP1l_L,DC4_L,V_R,VM5d_R,DL1_R,VP5_L,VM1_R,DL2d_L,VC2_R,VA6_R,DC3_L,VM6_R,VP2_L,DL4_R,VM4_R,VA4_R,DC1_L,DA4m_L,VM7v_L,DM5_L,DA1_L,VC4_R,VL2a_L,VL1_L,DM1_L,VP4_L,VM5v_L,D_L,DP1m_L,VP1d_R,VA2_R,VM2_R,VP1l_L,VA7m_R,VL2p_R,DM3_L,VA1d_L,DA3_L
720575940603820716,110246131310,1729382469571132013,223749.8035297394,137560,29.759581951391255,914.8028550278143,5.549884788172227,5.94035065725674,58.719146347134334,37.22818332465341,486782472,257267728,70386120,486776408,257265936,70393400,0,0,0,0,0,0,0,0,0,0,0,0,0,0,0,0,0,0,63,0,0,0,0,0,0,321,0,0,0,0,0,0,0,0,0,0,0,0,0,0,0,0,0,0,0,50,0,0,0,0,0,0,0,0,0,0,0,0,0,0,0,0,0,0,0,0,0,0,0,5,0,0,0,0,0,0,0,0,0,0,1,0,16,0,0,0,0,0,0,0,0,27,0,0,0,0,0,0,0,0,0,0,0,0,0,0,0,32,0,0,0,0,0,0,0,0
720575940604931249,63224093486,6917529141866091948,135400.26173257828,79581,42.68875900901093,390.0233318157261,24.867121477991798,8.92502390208155,118.0606201113726,39.43514255492118,288857364,157197656,47724560,288865176,157202368,47727840,0,0,0,0,0,0,0,0,0,0,0,0,0,0,0,0,0,0,60,0,0,0,0,0,0,350,0,0,0,0,0,0,0,0,0,0,0,0,0,0,123,0,0,0,0,0,0,0,0,0,0,0,0,0,0,0,0,0,0,0,0,0,0,0,0,0,0,0,0,0,0,0,0,0,0,0,0,0,0,0,0,0,0,0,0,0,0,0,0,0,0,0,0,0,0,0,0,0,0,0,0,0,0,0,0,0,0,0,0,0,0,0,0,0,0,0
720575940605264305,90722619832,6917529231745595381,212356.34441089633,131897,37.71751353454781,872.391945019619,6.23572141298542,3.6766092748825843,57.82177305994717,30.156441766351097,470766332,246531776,64464520,470761608,246524060,64468800,0,0,0,0,0,0,0,0,0,0,0,0,0,0,0,0,0,0,4,0,0,0,0,0,0,323,0,0,0,0,0,0,0,0,0,0,0,0,0,0,0,0,0,0,0,14,0,0,0,0,0,0,0,0,0,0,0,0,0,0,0,0,0,0,4,0,0,0,0,7,0,0,0,0,0,0,0,0,0,0,0,0,18,0,0,0,0,0,0,0,0,0,0,0,0,0,0,0,0,0,0,0,0,0,0,0,0,195,0,0,0,0,0,0,0,0
720575940609792206,93187073461,6196953317722616475,257873.62743425372,150186,37.579396227560174,1020.7076502605341,4.60995089976948,0.8973530172174526,33.85543459985596,37.35021513844888,527629740,279558708,74457320,527626888,279554264,74465080,0,0,0,0,0,0,0,0,0,0,0,0,0,0,0,0,0,0,22,0,0,0,0,0,0,424,0,0,0,0,0,0,0,0,0,0,0,0,0,0,5,0,0,0,0,48,0,0,0,0,0,0,0,0,0,0,0,0,0,0,0,0,0,43,11,0,0,0,0,0,0,0,0,0,0,0,0,0,0,0,26,0,0,0,0,0,0,0,0,0,0,0,0,0,0,0,0,0,0,0,0,0,0,0,0,0,0,174,0,0,0,0,0,0,0,0
720575940610460514,96624571866,7205759613043885608,223128.52540397647,134673,35.18937173711432,913.6079942686097,6.476683070984349,6.20321033949433,46.260334717142314,26.26240555795383,482749132,254623340,67620640,482745356,254622804,67628080,0,0,0,0,0,0,0,0,0,0,0,0,0,0,0,0,0,0,57,0,0,0,0,0,0,344,0,0,0,0,0,0,0,0,0,0,0,0,0,0,0,0,0,0,0,29,0,0,0,0,0,0,0,0,0,0,0,0,0,0,0,0,0,7,0,0,0,0,0,0,0,0,0,0,0,0,0,0,0,0,0,0,0,0,0,0,1,0,0,0,0,16,0,0,0,0,0,0,0,0,0,0,0,0,0,0,0,258,0,0,0,0,0,0,0,0
720575940611377893,122909955301,5044031754925444313,250188.02861928946,132770,12.547351987535386,946.6971752785612,9.294176962787137,1.9874425287493136,24.01654930431524,36.45730394166137,551854460,250690236,75759160,551847676,250681644,75767400,0,0,0,0,0,0,0,0,0,0,0,0,0,0,0,0,0,0,404,0,0,0,0,0,0,0,0,0,0,0,0,0,0,0,0,0,0,0,0,0,0,0,0,0,0,0,0,0,0,0,0,0,0,0,0,0,0,0,0,0,0,0,0,0,0,0,0,0,0,0,0,0,0,0,0,0,0,0,0,0,0,0,0,0,0,0,0,0,0,0,0,0,0,0,0,0,0,0,0,0,0,0,0,596,0,0,0,0,0,0,0,0,0,0,0,0
720575940611720362,148703996431,-8646910936735996863,307764.61696338654,228173,62.05647710626778,1512.6362545390466,14.550388605711047,3.458615744511121,138.6362055909298,48.66206419422089,1009821140,476673780,127830040,1009825124,476698112,127843480,0,0,0,0,0,0,0,0,0,0,0,0,0,0,0,0,0,0,0,0,0,0,0,0,0,0,0,0,0,0,0,0,0,0,0,0,0,0,0,0,0,0,0,0,0,0,0,0,0,0,0,0,0,0,2,0,0,0,0,0,0,0,0,0,0,0,0,0,0,0,0,0,47,0,0,0,0,0,0,0,0,0,0,100,0,0,0,0,0,0,1387,0,0,0,0,0,0,0,0,0,0,0,0,0,0,0,0,0,0,0,0,0,0,0,0,0
720575940613191591,207830905907,3314649676595144611,296244.8616442681,216337,158.43346249562077,1147.3720939814636,117.09494900786517,32.30065784926617,245.19409007909167,70.60474822897893,804419156,462286508,155692560,804419916,462297732,155702800,0,0,0,0,0,0,0,0,0,0,0,0,0,0,0,0,0,0,0,0,0,0,0,0,0,0,0,0,0,0,0,0,0,0,0,0,0,0,0,0,1736,0,0,0,0,0,0,0,0,0,0,0,0,0,0,0,0,0,0,0,0,0,0,0,0,0,0,0,0,0,0,0,0,0,0,0,0,0,0,0,0,0,0,0,0,0,0,0,0,0,0,0,0,0,0,0,0,0,0,0,0,0,0,0,0,0,0,0,0,0,0,0,0,0,0,0
720575940613794114,180645048788,-3891109745384045383,470179.3055295945,234324,39.83927128921864,1634.2137803481892,12.64022145931681,2.572935177892364,23.350117257761895,48.38367702515866,833466668,448588328,133132120,833471672,448593984,133139280,0,0,0,0,0,0,0,0,0,0,0,0,0,0,0,0,0,0,22,0,0,0,0,0,0,41,0,0,0,0,0,0,0,0,0,0,0,0,0,0,0,0,0,0,0,1358,0,0,0,0,0,0,0,0,0,0,36,0,0,0,0,0,0,0,0,0,0,0,0,0,0,0,0,0,0,0,0,0,0,0,5,0,0,0,0,0,0,0,0,0,0,0,0,0,0,0,0,0,0,0,0,0,0,0,0,0,0,13,0,0,0,0,0,0,0,0
720575940613914774,122794643306,720576101555834769,216776.45001220706,117498,16.640850049164527,822.292282383889,9.096259027907205,1.346392935714488,24.683424396113388,22.940792513378238,465826904,217351820,68469400,465832628,217349396,68478000,0,0,0,0,0,0,0,0,0,0,0,0,0,0,0,0,0,0,472,0,0,0,0,0,0,0,0,0,0,0,0,0,0,0,0,0,0,0,0,0,0,0,0,0,0,0,0,0,0,0,0,0,0,0,0,0,0,0,0,0,0,0,0,0,0,0,0,0,0,0,0,0,0,0,0,0,0,0,0,0,0,0,0,0,0,0,0,0,0,0,0,0,0,0,0,0,0,0,0,0,0,0,0,423,0,0,0,0,0,0,0,0,0,0,0,0
720575940613941533,75063602002,4755801329859796422,142430.74946308136,95062,62.788374584824155,520.3433303347265,11.6549356138275,0.6817513090608439,137.78093463055808,15.750676643498208,440770580,196720844,47651680,440773404,196719444,47654440,0,0,0,0,0,0,0,0,0,0,0,0,0,0,0,0,0,0,0,0,0,0,0,0,0,0,0,0,0,0,0,0,0,0,0,0,0,0,0,0,0,0,0,0,0,0,0,0,0,0,0,0,0,0,0,0,0,0,0,0,0,0,0,0,0,0,0,147,0,0,0,0,0,0,0,0,0,0,0,0,0,0,0,4,0,0,0,0,0,0,0,0,0,0,0,0,0,0,0,0,0,0,0,0,0,0,0,0,0,0,496,0,0,0,0,0
720575940613942045,72500734088,5620492448711228116,128938.15991115572,88980,53.742008321307615,498.73178749620615,7.943453355038066,1.5196464134653371,117.76452745382083,19.29857698255953,412138540,184078252,44079120,412136592,184081972,44081640,0,0,0,0,0,0,0,0,0,0,0,0,0,0,0,0,0,0,0,0,0,0,0,0,0,0,0,0,0,0,0,0,0,0,0,0,0,0,0,0,0,0,0,0,0,0,0,0,0,0,0,0,0,0,0,0,0,0,0,0,0,0,0,0,0,0,0,125,0,0,0,0,0,0,0,0,0,0,0,0,0,0,0,0,0,0,0,0,0,0,0,0,0,0,0,0,0,0,0,0,0,0,0,1,0,0,0,0,0,0,496,0,0,0,0,0
720575940613942301,76034466715,4899916530289380630,170382.9646945,110801,43.78405606477462,637.6688196281902,13.73576154780337,0.663711803954027,99.1266029479392,31.021048829362464,486218192,216791900,53357200,486221912,216793848,53362000,0,0,0,0,0,0,0,0,0,0,0,0,0,0,0,0,0,0,0,0,0,0,0,0,0,0,0,0,0,0,0,0,0,0,0,0,0,0,0,0,0,0,0,0,0,0,0,0,0,0,0,0,0,0,0,0,0,0,0,0,0,0,0,0,0,0,0,181,0,0,0,0,0,0,0,0,0,0,0,0,0,0,0,0,0,0,0,0,0,0,0,0,0,0,0,0,0,0,0,0,0,0,0,4,0,0,0,0,0,0,480,0,0,0,0,0
720575940613942557,66599787389,-7638104859914254642,122972.51277160646,83255,69.83228966251545,424.0260157934172,9.062967099240105,0.6083461826605627,131.70623676016828,19.764145577766197,386601424,172851372,42494880,386608520,172852284,42498400,0,0,0,0,0,0,0,0,0,0,0,0,0,0,0,0,0,0,0,0,0,0,0,0,0,0,0,0,0,0,0,0,0,0,0,0,0,0,0,0,0,0,0,0,0,0,0,0,0,0,0,0,0,0,0,0,0,0,0,0,0,0,0,0,0,0,0,184,0,0,0,0,0,0,0,0,0,0,0,0,0,0,0,27,0,0,0,0,0,0,0,0,0,0,0,0,0,0,0,0,0,0,0,0,0,0,0,0,0,0,378,0,0,0,0,0
720575940614570793,111706240733,1585267293470395857,255925.74529409411,144702,44.44239142415787,972.3636800306849,4.523293302225269,2.422337572169717,41.46697868736879,37.78131780497379,513386192,269050496,69822720,513390764,269051644,69828640,0,0,0,0,0,0,0,0,0,0,0,0,0,0,0,0,0,0,9,0,0,0,0,0,0,367,0,0,0,0,0,0,0,0,0,0,0,0,0,0,0,0,0,0,0,62,0,0,0,0,0,0,0,0,0,0,0,0,0,0,0,0,0,0,0,0,0,0,0,0,0,0,0,0,0,0,0,0,0,0,0,0,11,0,0,0,0,0,0,0,0,0,0,0,0,0,0,0,0,0,0,0,0,0,0,0,0,188,0,0,0,0,0,0,0,0
720575940614634786,126020538450,5188147004390002819,263440.93731260306,145236,46.794926323520464,918.588790204376,48.219032849016415,3.44425055862676,13.098366160609459,77.85463363063899,518553544,296758048,91256400,518556052,296761868,91262960,0,0,0,0,0,0,0,0,0,0,0,0,0,0,0,0,0,0,0,0,0,0,0,0,0,0,0,0,0,0,0,0,0,0,0,0,0,0,0,0,0,0,0,0,0,0,0,0,0,0,0,0,0,0,0,0,1037,0,0,0,0,0,0,0,0,0,0,0,0,0,0,0,0,0,0,0,0,0,0,0,29,0,0,0,0,0,0,0,0,0,0,0,0,0,0,0,0,0,0,0,0,0,0,0,0,0,0,0,0,0,0,0,0,0,0,0
720575940614711638,124592799633,1297036874272695706,226659.97993707657,123654,34.005529958507374,814.2078183908015,22.74054439920619,0.5368932504083542,19.87533248780268,57.6338825963321,478091688,227942020,75410680,478084564,227936232,75414240,0,0,0,0,0,0,0,0,0,0,0,0,0,0,0,0,0,0,660,0,0,0,0,0,0,0,0,0,0,0,0,0,0,0,0,0,0,0,0,0,0,0,0,0,0,0,0,0,0,0,0,0,0,0,0,0,0,0,0,0,0,0,0,0,0,0,0,0,0,0,0,0,0,0,0,0,0,0,0,0,0,0,0,0,0,0,0,0,0,0,0,0,0,0,0,0,0,0,0,0,0,0,0,271,0,0,0,0,0,0,0,0,0,0,0,0
720575940614842262,45640035805,8935141764818000035,90310.59910392761,68589,47.162675797284464,422.50969861797057,17.82840422650024,6.160930163621026,39.27762884222317,17.060661656983076,320856512,153534068,37835200,320857612,153537480,37838320,0,0,0,0,0,0,0,0,0,0,0,0,0,0,0,0,0,0,0,0,0,0,0,0,0,0,0,0,0,0,0,0,0,0,0,0,0,0,0,0,0,0,0,0,0,0,0,0,0,0,0,0,0,0,3,0,0,0,0,0,0,0,0,0,0,0,0,8,0,0,0,0,0,0,0,0,0,0,0,0,0,0,0,444,0,0,0,0,0,0,0,0,0,0,0,0,0,0,0,0,0,0,0,0,0,0,0,0,0,0,0,0,0,0,0,0
720575940614919709,107232635319,288230540845237714,213219.0070142746,120928,17.31848427127622,843.1743824169243,7.816291374517554,0.7206537001947853,24.4520004853146,28.518184216886915,493099964,223528412,68651640,493102928,223504516,68659640,0,0,0,0,0,0,0,0,0,0,0,0,0,0,0,0,0,0,402,0,0,0,0,0,0,0,0,0,0,0,0,0,0,0,0,0,0,0,0,0,0,0,0,0,0,0,0,0,0,0,0,0,0,0,0,0,0,0,0,0,0,0,0,0,0,0,0,0,0,0,0,0,0,0,0,0,0,0,0,0,0,0,0,0,0,0,0,0,0,0,0,0,0,0,0,0,0,0,0,0,0,0,0,513,0,0,0,0,0,0,0,0,0,0,0,0
720575940614921501,115688711154,6917529228644174356,285749.8056449891,147859,52.41629179322955,940.0213211542614,20.5795599340922,1.297066079925406,59.07562828527288,62.610133699948356,524432828,287672736,87202080,524431580,287673784,87208200,0,0,0,0,0,0,0,0,0,0,0,0,0,0,0,0,0,0,101,0,0,0,0,0,0,663,0,0,0,0,0,0,0,0,0,0,0,0,0,0,288,0,0,0,0,0,0,0,0,0,0,0,0,0,0,0,0,0,0,0,0,0,0,0,0,0,0,0,0,0,0,0,0,0,0,0,0,0,0,0,0,0,0,0,0,0,0,0,0,0,0,0,0,0,0,0,0,0,0,0,0,0,0,0,0,0,0,0,0,0,0,0,0,0,0,0
720575940614996018,6652252297,4179340465905070761,6204.13986349106,6002,5.134935376001521,38.01634165075666,5.331899393587035,1.8389799134439697,4.6946600179853695,1.9831832127092635,26724012,15334148,4696160,26722812,15333484,4696280,0,0,0,0,0,0,0,0,0,0,0,0,0,0,0,0,0,0,0,0,0,0,0,0,0,0,0,0,0,0,0,0,0,0,0,0,0,0,0,0,0,0,0,0,0,0,0,0,0,0,0,0,0,0,0,0,56,0,0,0,0,0,0,0,0,0,0,0,0,0,0,0,0,0,0,0,0,0,0,0,1,0,0,0,0,0,0,0,0,0,0,0,0,0,0,0,0,0,0,0,0,0,0,0,0,0,0,0,0,0,0,0,0,0,0,0
720575940615553397,4725725090,5332261965879881997,3733.267344474793,3678,4.977609950117767,15.53518586512655,7.617572867908167,0.5380656076063124,3.5555781191214932,0.7759875397896386,15540364,8977892,2710200,15540536,8978224,2710720,0,0,0,0,0,0,0,0,0,0,0,0,0,0,0,0,0,0,0,0,0,0,0,0,0,0,0,0,0,0,0,0,0,0,0,0,0,0,0,0,0,0,0,0,0,0,0,0,0,0,0,0,0,0,0,0,31,0,0,0,0,0,0,0,0,0,0,0,0,0,0,0,0,0,0,0,0,0,0,0,0,0,0,0,0,0,0,0,0,0,0,0,0,0,0,0,0,0,0,0,0,0,0,0,0,0,0,0,0,0,0,0,0,0,0,0
720575940615856345,331436340551,-7349874041149432567,724121.887653351,382079,51.29079684115795,2606.3834972253535,12.72895866064468,2.369618176306474,43.19929289058863,141.0278374181562,1388659116,747536836,236652440,1388667984,747541888,236666560,0,0,0,0,0,2318,0,0,0,0,0,0,0,0,0,0,0,0,0,0,0,0,0,0,0,0,0,0,0,0,0,0,0,0,0,0,0,0,0,0,0,0,0,0,0,91,0,0,0,0,0,0,0,0,0,0,60,0,0,0,0,0,0,0,0,0,0,0,0,0,0,0,0,0,0,0,0,0,0,0,76,0,0,0,0,0,0,0,0,0,0,0,0,0,0,0,0,0,0,0,0,0,0,0,0,0,0,0,0,0,0,0,0,0,0,0
720575940616039197,161352564242,-8502795788696130769,375116.64113426214,208382,51.442255553203225,1461.3084753399744,11.314579960657623,1.4437700948583179,34.70035971194788,40.79055948147625,759813412,408183744,121866400,759816484,408182696,121876720,0,0,0,0,0,0,0,0,0,0,0,0,0,0,0,0,0,0,0,0,0,0,0,0,0,0,0,0,0,0,0,0,0,0,0,0,0,0,0,0,0,0,0,0,0,1203,0,0,0,0,0,0,0,0,0,0,76,0,0,0,0,0,0,0,0,0,0,0,0,0,0,0,0,0,0,0,0,0,0,0,0,0,0,0,0,0,0,0,0,0,0,0,0,0,0,0,0,0,0,0,0,0,0,0,0,0,0,9,0,0,0,0,0,0,0,0
720575940616239873,87201774637,-1441151759218395800,118809.86590909958,81260,34.606301640953454,535.3453059641179,13.280474174462835,1.6264605408525277,36.924708834085315,16.216749632078507,317884440,152981832,51127240,317881876,152976596,51134400,0,0,0,0,0,0,0,0,0,0,0,0,0,0,0,0,0,0,430,0,0,0,0,0,0,0,0,0,0,0,0,0,0,0,0,0,0,0,0,0,0,0,0,0,0,0,0,0,0,0,0,0,0,0,0,0,0,0,0,0,0,0,0,0,0,0,0,0,0,0,0,0,0,0,0,0,0,0,0,0,0,0,0,0,0,0,0,0,0,0,0,0,0,0,0,0,0,0,0,0,0,0,0,162,0,0,0,0,0,0,0,0,0,0,0,0
720575940616999069,274754073893,1441152387127165835,442822.57519388205,316252,151.00239057572614,2016.3394369135642,107.21396755799135,14.255058660289532,129.65268384251286,143.53646597985028,1163592624,669069020,224712880,1163583184,669092212,224727920,0,0,0,0,0,0,0,0,0,0,0,0,0,0,0,0,0,0,0,0,0,0,0,0,0,0,0,0,0,0,0,0,0,0,0,0,0,0,0,0,2486,0,0,0,0,0,0,0,0,0,0,0,0,0,0,0,0,0,0,0,0,0,0,0,0,0,0,0,0,0,0,0,0,0,0,0,0,0,0,0,0,0,0,0,0,0,0,0,0,0,0,0,0,0,0,0,0,0,0,0,0,0,0,0,0,0,0,0,0,0,0,0,0,0,0,0
720575940617041728,213679329881,7493990261993380753,532268.7632012367,330300,58.136366162440986,2178.5877025201767,20.071470595837745,3.2895484376932074,125.50247355370819,82.41243752319457,1395574760,657040896,175287280,1395574404,657061328,175303200,0,0,0,0,0,0,0,0,0,0,0,0,0,0,0,0,0,0,0,0,0,0,0,0,0,0,0,0,0,0,0,0,0,0,0,0,0,0,0,0,0,0,0,0,0,0,0,0,0,0,0,0,0,0,6,0,0,0,0,0,0,0,0,0,0,0,0,0,0,0,0,0,12,0,0,0,0,0,0,0,0,0,0,47,0,0,0,0,0,0,2216,0,0,0,0,0,0,0,0,0,0,0,0,0,0,0,0,0,0,0,0,0,0,0,0,0
720575940617665950,115787472811,3458764756195099243,310631.54382085806,157417,46.696750088960954,1057.0115272041876,5.927447909294579,1.4970678039153644,26.041319242807024,70.82589198450194,561702300,293176020,77543240,561706084,293184088,77547960,0,0,0,0,0,0,0,0,0,0,0,0,0,0,0,0,0,0,0,0,0,0,0,0,0,404,0,0,0,0,0,0,0,0,0,0,0,0,0,0,0,0,0,0,0,42,0,0,0,0,0,4,0,0,0,0,0,0,0,0,4,0,0,25,25,0,0,0,0,0,0,0,0,0,0,0,0,0,0,0,42,0,31,0,0,0,0,0,0,0,0,0,0,0,0,0,0,0,0,0,0,0,0,0,0,0,0,124,0,0,0,0,0,0,0,0
720575940617969961,103181674625,-6629298495173592389,183585.09119176868,105707,16.305291723441744,716.5895350165665,10.974283346695126,1.2254458924613583,34.18721514363725,30.71822994153875,391708364,193889176,66258880,391698000,193890332,66267960,0,0,0,0,0,0,0,0,0,0,0,0,0,0,0,0,0,0,622,0,0,0,0,0,0,0,0,0,0,0,0,0,0,0,0,0,0,0,0,0,0,0,0,0,0,0,0,0,0,0,0,0,0,0,0,0,0,0,0,0,0,0,0,0,0,0,0,0,0,0,0,0,0,0,0,0,0,0,0,0,0,0,0,0,0,0,0,0,0,0,0,0,0,0,0,0,0,0,0,0,0,0,0,153,0,0,0,0,0,0,0,0,0,0,0,0
720575940617986089,139900025410,6917529286753431562,313029.34382438665,165422,45.407768443556925,1127.8387578816642,5.874290455553086,1.4264386014893273,29.244261705255607,54.208482920479184,587425640,307471360,80484120,587419280,307478136,80489600,0,0,0,0,0,0,0,0,0,0,0,0,0,0,0,0,0,0,0,0,0,0,0,0,0,548,0,0,0,0,0,0,0,0,0,0,0,0,0,0,0,0,0,0,0,82,0,0,0,0,0,2,0,0,0,0,0,0,0,0,0,0,0,5,0,0,0,0,0,0,0,0,0,0,0,0,0,0,0,0,3,0,0,0,0,0,0,0,0,0,0,0,0,0,0,0,0,0,0,0,0,0,0,0,0,0,0,94,0,0,0,0,0,0,0,0
720575940617986345,137778672552,4179340749850744609,384097.93181324005,192646,31.48315268207897,1311.093705435311,6.2297831130561425,2.809918938926023,42.4053414765168,70.97809621736161,683762284,357585576,94702400,683770596,357592488,94706640,0,0,0,0,0,0,0,0,0,0,0,0,0,0,0,0,0,0,12,0,0,0,0,0,0,428,0,0,0,0,0,0,0,0,0,0,0,0,0,0,0,0,0,0,0,50,0,0,0,0,0,0,0,0,0,0,0,0,0,0,0,0,0,4,35,0,0,0,0,0,0,0,0,0,0,0,0,0,0,0,3,0,0,0,0,0,0,0,0,0,0,0,0,0,0,0,0,0,0,0,0,0,0,0,0,0,0,278,0,0,0,0,0,0,0,0
720575940617987113,122413344059,-4035225045341006671,297632.1614017487,151022,55.194091575162,904.2365675214678,26.544851835173226,1.4547526174682321,84.46496673308135,100.10476750272936,541795820,295942092,90674800,541798476,295934376,90680600,0,0,0,0,0,0,0,0,0,0,0,0,0,0,0,0,0,0,142,0,0,0,0,0,0,641,0,0,0,0,0,0,0,0,0,0,0,0,0,0,255,0,0,0,0,0,0,0,0,0,0,0,0,0,0,0,0,0,0,0,0,0,0,0,0,0,0,0,0,0,0,0,0,0,0,0,0,0,0,0,0,0,0,0,0,0,0,0,0,0,0,0,0,0,0,0,0,0,0,0,0,0,0,0,0,0,0,0,0,0,0,0,0,0,0,0
720575940618512624,208687691599,-6773413460426101403,518479.6933012009,265020,63.470291422627305,1819.1546297314926,16.07462305276482,1.7465964607471933,33.55999302465995,78.99386402022297,953754428,513411248,152048320,953755948,513417984,152057360,0,0,0,0,0,0,0,0,0,0,0,0,0,0,0,0,0,0,8,0,0,0,0,0,0,13,0,0,0,0,0,0,0,0,0,0,0,0,0,0,0,0,0,0,0,1348,0,0,0,0,0,0,0,0,0,0,41,0,0,0,0,0,0,0,0,0,0,0,0,0,0,0,0,0,0,0,0,0,0,0,0,0,0,0,0,0,0,0,0,0,0,0,0,0,0,0,0,0,0,0,0,0,0,0,0,0,0,56,0,0,0,0,0,0,0,0
720575940618531544,121823998042,7349874761774343101,239643.0803766251,128297,33.75509117773859,872.5533809170593,10.015822346510094,1.7913710989216924,36.87000756728471,28.014325792873,500168748,237279364,75736360,500170140,237283260,75744640,0,0,0,0,0,0,0,0,0,0,0,0,0,0,0,0,0,0,570,0,0,0,0,0,0,0,0,0,0,0,0,0,0,0,0,0,0,0,0,0,0,0,0,0,0,12,0,0,0,0,0,0,0,0,0,0,0,0,0,0,0,0,0,0,0,0,0,0,0,0,0,0,0,0,0,0,0,0,0,0,0,0,0,0,0,0,0,0,0,0,0,0,0,0,0,0,0,0,0,0,0,0,0,342,0,0,0,0,0,0,0,0,0,0,0,0
720575940618574983,111979206635,-6052837730037520678,200109.51177835464,113087,17.113333260394885,755.0849276999943,12.297451648852487,1.9147860754060844,39.88294778640654,35.706552303601924,418421840,205641660,70764080,418414464,205623884,70771160,0,0,0,0,0,0,0,0,0,0,0,0,0,0,0,0,0,0,668,0,0,0,0,0,0,22,0,0,0,0,0,0,0,0,0,0,0,0,0,0,0,0,0,0,0,0,0,0,0,0,0,0,0,0,0,0,0,0,0,0,0,0,0,0,0,0,0,0,0,0,0,0,0,0,0,0,0,0,0,0,0,0,0,0,0,0,0,0,0,0,0,0,0,0,0,0,0,0,0,0,0,0,0,128,0,0,0,0,0,0,0,0,0,0,0,0
720575940619024774,169863278917,-7926335037471377612,388904.99062061316,215599,47.358306962305456,1518.8812747198535,10.818336695304694,5.22212221376441,31.97453465577789,38.74543082494979,783990644,422834016,125582680,783986576,422850416,125592680,0,0,0,0,0,0,0,0,0,0,0,0,0,0,0,0,0,0,29,0,0,0,0,0,0,23,0,0,0,0,0,0,0,0,0,0,0,0,0,0,0,0,0,0,0,1185,0,0,0,0,0,0,0,0,0,0,45,0,0,0,0,0,0,0,0,0,0,0,0,0,0,0,0,0,0,0,0,0,0,0,0,0,0,0,0,0,0,0,0,0,0,0,0,0,0,0,0,0,0,0,0,0,0,0,0,0,0,34,0,0,0,0,0,0,0,0
720575940619075073,98465837067,-720575808528866538,181300.15297985077,99817,21.3496443824829,671.0524028863103,12.658256636386245,5.874567800123311,34.01721317261701,22.047915447282815,400340860,185998796,58438800,400340756,185995604,58445560,0,0,0,0,0,0,0,0,0,0,0,0,0,0,0,0,0,0,400,0,0,0,0,0,0,0,0,0,0,0,0,0,0,0,0,0,0,0,0,0,0,0,0,0,0,0,0,0,0,0,0,0,0,0,0,0,0,0,0,0,0,0,0,0,0,0,0,0,0,0,0,0,0,0,0,0,0,0,0,0,0,0,0,0,0,0,0,0,0,0,0,0,0,0,0,0,0,0,0,0,0,0,0,349,0,0,0,0,0,0,16,0,0,0,0,0
720575940619930534,172570122924,-4899916043562398661,306250.7447562218,221659,46.12023675429263,1516.3874440724103,8.216305311922149,4.730671091075242,120.5148660790035,38.03047373836601,983221236,466073888,116305440,983221664,466085504,116318120,0,0,0,0,47,0,0,0,0,0,0,0,0,0,0,0,0,0,0,0,0,0,77,0,0,0,0,0,0,0,0,0,0,0,0,0,0,0,0,0,0,0,0,0,0,0,0,0,0,0,0,0,0,0,7,0,0,0,0,0,0,0,0,0,0,0,0,0,0,0,0,0,174,0,0,0,0,0,0,0,0,0,0,11,0,0,0,0,0,0,1124,0,0,0,0,0,0,0,0,0,0,0,0,0,0,0,0,0,0,0,0,0,0,0,0,0
720575940620459702,15051448389,-720575914171628894,18345.15712928772,15375,5.107696958075392,89.39328727463726,8.542082053050647,5.0160006873274305,14.178698514970158,4.762234852175423,59203280,34296064,10215200,59199928,34296676,10215320,0,0,0,0,0,0,0,0,0,0,0,0,0,0,0,0,0,0,0,0,0,0,0,0,0,0,0,0,0,0,0,0,0,0,0,0,0,0,0,0,1,0,0,0,0,0,0,0,0,0,0,0,0,0,0,0,113,0,0,0,0,0,0,0,0,0,0,0,0,0,0,0,0,0,0,0,0,0,0,0,0,0,0,0,0,0,0,0,0,0,0,0,0,0,0,0,0,0,0,0,0,0,0,0,0,0,0,0,0,0,0,0,0,0,0,0
720575940620602236,133613427692,-8358680719133097381,244299.84748601916,136553,15.863418390788834,953.3997629714431,5.102251623431834,3.0015939842693595,33.343025613331676,27.289948885591546,548894976,252302160,76496680,548900428,252291052,76506320,0,0,0,0,0,0,0,0,0,0,0,0,0,0,0,0,0,0,490,0,0,0,0,0,0,0,0,0,0,0,0,0,0,0,0,0,0,0,0,0,0,0,0,0,0,0,0,0,0,0,0,0,0,0,0,0,0,0,0,0,0,0,0,0,0,0,0,0,0,0,0,0,0,0,0,0,0,0,0,0,0,0,0,0,0,0,0,0,0,0,0,0,0,0,0,0,0,0,0,0,0,0,0,476,0,0,0,0,0,0,3,0,0,0,0,0
720575940620634537,138429515906,-2161727640042124649,243495.64837074283,133207,14.78544298721405,941.4430166981183,6.140365840540351,2.205571547322121,17.22943346570065,39.19617173873164,524325528,247052940,79274160,524317576,247041760,79281920,0,0,0,0,0,0,0,0,0,0,0,0,0,0,0,0,0,0,664,0,0,0,0,0,0,0,0,0,0,0,0,0,0,0,0,0,0,0,0,0,0,0,0,0,0,0,0,0,0,0,0,0,0,0,0,0,0,0,0,0,0,0,0,0,0,0,0,0,0,0,0,0,0,0,0,0,0,0,0,0,0,0,0,0,0,0,0,0,0,0,0,0,0,0,0,0,0,0,0,0,0,0,0,356,0,0,0,0,0,0,0,0,0,0,0,0
720575940620644446,87135345179,5764607673325669597,193281.7410707474,117368,41.10987937008756,643.5157034586609,11.618932343389806,1.0390029378723695,164.45817819955846,42.258300163217946,532712720,236198220,56719800,532715848,236205228,56722880,0,0,0,0,0,0,0,0,0,0,0,0,0,0,0,0,0,0,0,0,0,0,0,0,0,0,0,0,0,0,0,0,0,0,0,0,0,0,0,0,0,0,0,0,0,0,0,0,0,0,0,0,0,0,0,0,0,0,0,0,0,0,0,0,0,0,0,153,0,0,0,0,0,0,0,0,0,0,0,0,0,0,0,0,0,0,0,0,0,0,0,0,0,0,0,0,0,0,0,0,0,0,0,0,0,0,0,0,0,0,697,0,0,0,0,0
720575940620847086,165453246322,7493990032373427331,280767.51694250107,171712,54.73356702054204,1142.0993042176049,11.53349672185983,2.8885857626396416,30.002155298943048,74.74288957280082,774223004,329960584,63977280,774224140,329965848,63985400,0,0,0,0,0,0,0,0,0,0,0,0,0,0,0,0,0,0,0,0,0,0,255,0,0,0,0,0,0,0,0,0,0,0,0,0,0,0,0,0,0,0,0,0,0,0,0,0,0,0,0,0,0,0,0,16,0,0,0,0,0,0,0,0,0,0,0,0,0,0,0,0,6,0,0,0,0,0,0,0,0,0,0,0,0,0,0,0,35,0,0,0,0,0,0,0,0,0,0,0,0,0,0,0,0,0,0,0,0,0,581,0,0,0,0,0
720575940621009023,79114934538,3458764645199880585,145864.5886902809,91893,21.104631782480265,601.2691422468051,13.357938864280237,1.0505061455467073,36.903471904667605,22.31431111916389,381272112,169187140,51708760,381273760,169177640,51714160,0,0,0,0,0,0,0,0,0,0,0,0,0,0,0,0,0,0,249,0,0,0,0,0,0,0,0,13,0,0,0,0,0,0,0,0,0,0,0,0,0,0,0,0,0,0,0,0,0,0,0,0,0,0,0,0,0,0,0,0,0,0,0,0,0,0,0,0,0,0,0,0,0,0,0,0,0,0,0,0,0,0,0,0,0,0,0,0,0,0,0,0,0,0,0,0,0,0,0,0,0,0,0,401,0,0,0,0,0,0,0,0,0,0,0,0
720575940621659563,117063374573,-5332261670122186516,205045.78137969974,181410,134.2072002926195,833.8555510635938,176.07349959499032,7.386547201711835,309.24562330843855,42.231579176375725,893116668,408952964,113733040,893121220,408972712,113739800,0,0,0,0,0,0,0,0,0,0,0,0,0,0,0,0,0,0,0,0,0,0,0,0,0,0,0,0,0,0,0,0,0,0,0,0,0,0,0,0,0,0,0,0,0,0,0,0,0,0,0,0,0,0,0,0,0,0,0,0,0,0,0,0,0,0,0,1490,0,0,0,0,0,0,0,0,0,0,0,0,0,0,0,11,0,0,0,0,0,0,0,0,0,0,0,0,0,0,0,0,0,0,0,0,0,0,0,0,0,0,0,0,0,0,0,0
720575940621831804,13869593373,-4755801177092222400,15704.968001842504,16136,36.77651850190341,61.43409147861758,7.254648282001806,3.6009870414125698,36.668292237823444,1.2654624845238183,87515260,40377548,11283080,87514528,40375896,11284600,0,0,0,0,0,0,0,0,0,0,0,0,0,0,0,0,0,0,0,0,0,0,0,0,0,0,0,0,0,0,0,0,0,0,0,0,0,0,0,0,0,0,0,0,0,0,0,0,0,0,0,0,0,0,0,0,0,0,0,0,0,0,0,0,0,0,0,145,0,0,0,0,0,0,0,0,0,0,0,0,0,0,0,0,0,0,0,0,0,0,0,0,0,0,0,0,0,0,0,0,0,0,0,0,0,0,0,0,0,0,0,0,0,0,0,0
720575940622082518,161815013805,-8358680628389844669,302268.08653497696,189428,47.93336165929416,1279.300412574774,13.282152110028665,2.29494241234391,44.596608223567735,34.59252518700573,822937044,380565688,87630360,822943144,380572896,87639680,0,0,0,0,0,0,0,0,0,0,0,0,0,0,0,0,0,0,0,0,0,0,0,0,0,0,0,0,0,0,0,0,0,0,0,0,0,0,0,0,0,0,0,0,0,0,0,0,0,0,0,0,0,0,81,0,0,0,0,0,0,0,0,0,0,0,0,0,0,0,0,0,1095,0,0,0,0,0,0,0,0,0,0,20,0,0,0,0,0,0,0,0,0,0,0,0,0,0,0,0,0,0,0,0,0,0,0,0,0,0,26,0,0,0,0,0
720575940622112726,92788796226,-3314649169787848859,126770.11016178131,101095,39.59930112413051,629.1068711438991,3.4663695805200416,0.9977613305226504,96.3386149731383,19.491079797749514,465873740,200240992,38387720,465883512,200241032,38394040,0,0,0,0,0,0,0,0,0,0,0,0,0,0,0,0,0,0,0,0,0,0,136,0,0,0,0,0,0,0,0,0,0,0,0,0,21,19,0,0,0,0,0,0,0,0,0,0,0,0,0,0,0,0,0,2,0,0,0,0,0,0,0,0,0,0,0,0,0,0,0,0,0,0,0,0,0,0,1,0,0,0,0,0,0,0,0,0,0,0,0,0,0,0,1,0,0,0,0,0,0,0,0,0,0,0,0,0,0,0,325,0,0,0,0,0
720575940622457028,23835499187,5620492373840310260,26178.122090339657,23069,12.63805052183852,126.50247575507092,14.23298543889866,2.2820408981161022,27.16642434227439,4.17802278134331,87443432,50528992,15058880,87441904,50528588,15059160,0,0,0,0,0,0,0,0,0,0,0,0,0,0,0,0,0,0,0,0,0,0,0,0,0,0,0,0,0,0,0,0,0,0,0,0,0,0,0,0,0,0,0,0,0,0,0,0,0,0,0,0,0,0,0,0,180,0,0,0,0,0,0,0,0,0,0,0,0,0,0,0,0,0,0,0,0,0,0,0,0,0,0,0,0,0,0,0,0,0,0,0,0,0,0,0,0,0,0,0,0,0,0,0,0,0,0,0,0,0,0,0,0,0,0,0
720575940622581651,130109178839,432345717471454404,174107.3791885376,114032,20.20863876977816,769.010963365261,9.489107572728486,1.7779952254759694,48.3067479087036,22.206543807319612,443863620,209972120,65531640,443851400,209963108,65535760,0,0,0,0,0,0,0,0,0,0,0,0,0,0,0,0,0,0,473,0,0,0,0,0,0,5,0,0,0,0,0,0,0,0,0,0,0,0,0,0,0,0,0,0,0,0,0,0,0,0,0,0,0,0,0,0,0,0,0,0,0,0,0,0,0,0,0,0,0,0,0,0,0,0,0,0,0,0,0,0,0,0,0,0,0,0,0,0,0,0,0,0,0,0,0,0,0,0,0,0,0,0,0,290,0,0,0,0,0,0,0,0,0,0,0,0
720575940622625097,118300406495,-3746994699163385998,210539.6264996529,125274,23.818032222003215,794.5766958948225,18.92983611051385,2.0321518501512266,57.72467578317566,44.91860946011523,464952220,227729656,75370440,464960256,227724172,75376960,0,0,0,0,0,0,0,0,0,0,0,0,0,0,0,0,0,0,698,0,0,0,0,0,0,0,0,0,0,0,0,0,0,0,0,0,0,0,0,0,0,0,0,0,0,0,0,0,0,0,0,0,0,0,0,0,0,0,0,0,0,0,0,0,0,0,0,0,0,0,0,0,0,0,0,0,0,0,0,0,0,0,0,0,0,0,0,0,0,0,0,0,0,0,0,0,0,0,0,0,0,0,0,222,0,0,0,0,0,0,0,0,0,0,0,0
720575940622700749,83619438725,4323455802026118690,213826.1557836533,116299,56.363765366164436,636.3021997436299,31.817304911327074,4.173839632957219,105.35512872605521,67.9877610545518,417112964,227371828,68530440,417119996,227376388,68536080,0,0,0,0,0,0,0,0,0,0,0,0,0,0,0,0,0,0,81,0,0,0,0,0,0,548,0,0,0,0,0,0,0,0,0,0,0,0,0,0,152,0,0,0,0,3,0,0,0,0,0,0,0,0,0,0,0,0,0,0,0,0,0,0,0,0,0,0,0,0,0,0,0,0,0,0,0,0,0,0,0,0,0,0,0,0,0,0,0,0,0,0,0,0,0,0,0,0,0,0,0,0,0,0,0,0,0,0,0,0,0,0,0,0,0,0
720575940623030861,65633009529,5476377258271191061,112883.26454591751,78242,30.693128107697696,502.41500434745103,17.956359701664493,1.1657788074058644,51.22859179341047,18.541136250503754,341089628,149733256,46547440,341096032,149730060,46553320,0,0,0,0,0,0,0,0,0,0,0,0,0,0,0,0,0,0,187,0,0,0,0,0,0,0,0,0,0,0,0,0,0,0,0,0,0,0,0,0,0,0,0,0,0,0,0,0,0,0,0,0,0,0,0,0,0,0,0,0,0,0,0,0,0,0,0,0,0,0,0,0,0,0,0,0,0,0,0,0,0,0,0,0,0,0,0,0,0,0,0,0,0,0,0,0,0,0,0,0,0,0,0,377,0,0,0,0,0,0,0,0,0,0,0,0
720575940623065013,93646994679,-4611685856379107406,174700.07413148883,112460,25.522125232972005,743.9090792490169,17.866624600901208,1.10836931533222,36.23375027289658,39.36005457577083,441766908,206205432,68304920,441759376,206182968,68314200,0,0,0,0,0,0,0,0,0,0,0,0,0,0,0,0,0,0,483,0,0,0,0,0,0,0,0,0,0,0,0,0,0,0,0,0,0,0,0,0,0,0,0,0,0,0,0,0,0,0,0,0,0,0,0,0,0,0,0,0,0,0,0,0,0,0,0,0,0,0,0,0,0,0,0,0,0,0,0,0,0,0,0,0,0,0,0,0,0,0,0,0,0,0,0,0,0,0,0,0,0,0,0,329,0,0,0,0,0,0,0,0,0,0,0,0
720575940623209703,59932479606,-6052837799483046968,78612.24065446855,62178,21.44628491102775,415.57188336533727,1.3447945992563433,0.08956923074802667,31.35167562963945,8.195793852588157,282617716,119120324,24336760,282622376,119125756,24340560,0,0,0,0,0,0,0,0,0,0,0,0,0,0,0,0,0,0,0,0,0,0,46,0,0,0,0,0,0,0,0,0,0,0,0,0,0,14,0,0,0,0,0,0,0,0,0,0,0,0,0,0,0,0,0,7,0,0,0,0,0,0,0,0,0,0,0,0,0,0,0,0,0,0,0,0,0,0,0,0,0,0,0,0,0,0,0,0,0,0,0,0,0,0,0,0,0,0,0,0,0,0,0,21,0,0,0,0,0,0,253,0,0,0,0,0
720575940623476661,136830241229,-2017612413405287698,233886.3805098534,145965,40.191265747704,926.8688396830628,3.8644938178436874,1.3630741486452518,39.2372114980243,55.475118548028945,646565700,277554316,56592320,646571056,277555372,56599880,0,0,0,0,0,0,0,0,0,0,0,0,0,0,0,0,0,0,0,0,0,0,213,0,0,0,0,0,0,0,0,0,0,0,0,0,0,2,0,0,0,0,0,0,0,0,0,0,0,0,0,0,0,0,0,0,0,0,0,0,0,0,0,0,0,0,0,0,0,0,0,0,15,0,0,0,0,0,0,0,0,0,0,0,0,0,0,0,0,0,0,0,0,0,0,0,0,0,0,0,0,0,0,36,0,0,0,0,0,0,564,0,0,0,0,0
720575940623793741,163358296944,-2449957849463414408,491224.952908516,250579,49.22971730727562,1741.2006311795558,13.408837037782142,2.696944343346803,25.282914336542266,59.18095944692046,894811404,483657732,140978440,894811424,483668216,140988000,0,0,0,0,0,0,0,0,0,0,0,0,0,0,0,0,0,0,28,0,0,0,0,0,0,7,0,0,0,0,0,0,0,0,0,0,0,0,0,0,0,0,0,0,0,1494,0,0,0,0,0,0,0,0,0,0,12,0,0,0,0,0,0,0,0,0,0,0,0,0,0,0,0,0,0,0,0,0,0,0,7,0,0,0,0,0,0,0,0,0,0,0,0,0,0,0,0,0,0,0,0,0,0,0,0,0,0,27,0,0,0,0,0,0,0,0
720575940624011278,2644301090,-1873497440437825240,4466.863373756407,2629,8.119502625428142,5.571232147165574,7.2728347250958905,0.26257935759713263,1.1413643028836307,0.6324866707800534,10840916,6187580,1944640,10842036,6187984,1944640,0,0,0,0,0,0,0,0,0,0,0,0,0,0,0,0,0,0,0,0,0,0,0,0,0,0,0,0,0,0,0,0,0,0,0,0,0,0,0,0,0,0,0,0,0,0,0,0,0,0,0,0,0,0,0,0,21,0,0,0,0,0,0,0,0,0,0,0,0,0,0,0,0,0,0,0,0,0,0,0,0,0,0,0,0,0,0,0,0,0,0,0,0,0,0,0,0,0,0,0,0,0,0,0,0,0,0,0,0,0,0,0,0,0,0,0
720575940624673936,126886535549,5044031757122896577,239555.86237716678,134716,14.654570868055968,944.7958555808291,12.360223382095134,1.4672452642384644,19.81065620154195,37.91145118364873,526193692,249605736,80450640,526198276,249600212,80456400,0,0,0,0,0,0,0,0,0,0,0,0,0,0,0,0,0,0,683,0,0,0,0,0,0,0,0,0,0,0,0,0,0,0,0,0,0,0,0,0,0,0,0,0,0,0,0,0,0,0,0,0,0,0,0,0,0,0,0,0,0,0,0,0,0,0,0,0,0,0,0,0,0,0,0,0,0,0,0,0,0,0,0,0,0,0,0,0,0,0,0,0,0,0,0,0,0,0,0,0,0,0,0,346,0,0,0,0,0,0,0,0,0,0,0,0
720575940625148174,87415642470,8070450696816231591,198756.43635511398,129209,56.30791166592096,700.1966750414576,17.90959286590082,0.46651007063817307,164.52476252632795,44.59454736310872,580220904,258833824,63261560,580227080,258838076,63264960,0,0,0,0,0,0,0,0,0,0,0,0,0,0,0,0,0,0,0,0,0,0,0,0,0,0,0,0,0,0,0,0,0,0,0,0,0,0,0,0,0,0,0,0,0,0,0,0,0,0,0,0,0,0,0,0,0,0,0,0,0,0,0,0,0,0,0,267,0,0,0,0,0,0,0,0,0,0,0,0,0,0,0,8,0,0,0,0,0,0,0,0,0,0,0,0,0,0,0,0,0,0,0,0,0,0,0,0,0,0,543,0,0,0,0,0
720575940625293514,140291612976,-864690894361648407,194308.0739645958,143966,136.42889726846533,702.1826111986437,76.29950947205825,19.27331259228557,201.4367772256063,66.37889276072302,545437480,313098440,105039640,545431660,313101704,105048360,0,0,0,0,0,0,0,0,0,0,0,0,0,0,0,0,0,0,0,0,0,0,0,0,0,0,0,0,0,0,0,0,0,0,0,0,0,0,0,0,1182,0,0,0,0,0,0,0,0,0,0,0,0,0,0,0,0,0,0,0,0,0,0,0,0,0,0,0,0,0,0,0,0,0,0,0,0,0,0,0,0,0,0,0,0,0,0,0,0,0,0,0,0,0,0,0,0,0,0,0,0,0,0,0,0,0,0,0,0,0,0,0,0,0,0,0
720575940625657928,61502679758,-3170534039564522435,116044.96506500246,78413,40.27451011358152,438.6212778710742,9.27254977579146,0.6403896647025512,104.83385341957104,16.357419239995057,358997496,159711896,38589440,359001632,159721360,38592080,0,0,0,0,0,0,0,0,0,0,0,0,0,0,0,0,0,0,0,0,0,0,0,0,0,0,0,0,0,0,0,0,0,0,0,0,0,0,0,0,0,0,0,0,0,0,0,0,0,0,0,0,0,0,0,0,0,0,0,0,0,0,0,0,0,0,0,118,0,0,0,0,0,0,0,0,0,0,0,0,0,0,0,4,0,0,0,0,0,0,0,0,0,0,0,0,0,0,0,0,0,0,0,0,0,0,0,0,0,0,426,0,0,0,0,0
720575940625868184,67281403368,-9079256726440208878,123040.61280870438,83189,20.60310897266776,542.7393028754741,13.683692076476742,1.5260503992261527,51.76297247319751,22.684874147313884,359344272,157320812,48913400,359348436,157311472,48919480,0,0,0,0,0,0,0,0,0,0,0,0,0,0,0,0,0,0,220,0,0,0,0,0,0,0,0,0,0,0,0,0,0,0,0,0,0,0,0,0,0,0,0,0,0,0,0,0,0,0,0,0,0,0,0,0,0,0,0,0,0,0,0,0,0,0,0,0,0,0,0,0,0,0,0,0,0,0,0,0,0,0,0,0,0,0,0,0,0,0,0,0,0,0,0,0,0,0,0,0,0,0,0,397,0,0,0,0,0,0,0,0,0,0,0,0
720575940626125626,42521662317,-8935141566206092870,76006.48239946365,59089,35.391931959481546,359.8513950118286,10.250010049643953,14.597584391860282,43.97708230659786,9.931996631123399,276364780,133312444,32039240,276368580,133318856,32042920,0,0,0,0,0,0,0,0,0,0,0,0,0,0,0,0,0,0,0,0,0,0,0,0,0,0,0,0,0,0,0,0,0,0,0,0,0,0,0,0,0,0,0,0,0,0,0,0,0,0,0,0,0,0,65,0,0,0,0,0,0,0,0,0,0,0,0,18,0,0,0,0,0,0,0,0,0,0,0,0,0,0,0,312,0,0,0,0,0,0,0,0,0,0,0,0,0,0,0,0,0,0,0,0,0,0,0,0,0,0,0,0,0,0,0,0
720575940626256992,92124590807,-8791026290971774101,201079.78149795535,124220,34.07317899838106,801.4669037749991,23.668828091500394,0.5064433655150106,35.19878390854516,40.08586528532894,510137412,226720332,69338640,510146352,226723056,69348920,0,0,0,0,0,0,0,0,0,0,0,0,0,0,0,0,0,0,335,0,0,0,0,0,0,0,0,34,0,0,0,0,0,0,0,0,0,0,0,0,0,0,0,0,0,0,0,0,0,0,0,0,0,0,0,0,0,0,0,0,0,0,0,0,0,0,0,0,0,0,0,0,0,0,0,0,0,0,0,0,0,0,0,0,0,0,0,0,0,0,0,0,0,0,0,0,0,0,0,0,0,7,0,480,0,0,0,0,0,0,0,0,0,0,0,0
720575940626580361,83326947032,2305843167217865285,185909.25128507617,107778,82.36327321411589,532.4271598180303,31.177052819731724,11.598512078758752,141.43017382297052,49.00383098216661,391960192,214222836,64373480,391964132,214222508,64377920,0,0,0,0,0,0,0,0,0,0,0,0,0,0,0,0,0,0,81,0,0,0,0,0,0,534,0,0,0,0,0,0,0,0,0,0,0,0,0,0,187,0,0,0,0,0,0,0,0,0,0,0,0,0,0,0,0,0,0,0,0,0,0,0,0,0,0,0,0,0,0,0,0,0,0,0,0,0,0,0,0,0,0,0,0,0,0,0,0,0,0,0,0,0,0,0,0,0,0,0,0,0,0,0,0,0,0,0,0,0,0,0,0,0,0,0
720575940627150991,126108725688,-2449958015131924254,217782.63073682788,129588,22.138378557977806,865.7414134703577,15.996363710035709,4.3138270441827204,41.60258317259732,45.20743340699662,513335768,240804276,76311600,513336184,240798648,76320360,0,0,0,0,0,0,0,0,0,0,0,0,0,0,0,0,0,0,595,0,0,0,0,0,0,0,0,0,0,0,0,0,0,0,0,0,0,0,0,0,0,0,0,0,0,0,0,0,0,0,0,0,0,0,0,0,0,0,0,0,0,0,0,0,0,0,0,0,0,0,0,0,0,0,0,0,0,0,0,0,0,0,0,0,0,0,0,0,0,0,0,0,0,0,0,0,0,0,0,0,0,0,0,396,0,0,0,0,0,0,0,0,0,0,0,0
720575940627264262,102320932257,-2594073190036771360,224844.76504993442,138226,50.040021728316766,865.3293007910252,45.87793001008797,0.7090467879853055,26.149698889438433,57.894002964560045,608701028,292444272,71823480,608689972,292465784,71827760,0,0,0,0,0,0,0,0,0,0,0,0,0,0,0,0,0,0,0,0,0,0,0,0,0,0,0,0,0,0,0,0,0,0,0,0,0,0,0,0,0,0,0,0,0,0,0,0,0,0,0,0,0,0,1,0,0,0,0,0,0,0,0,0,0,0,0,58,0,0,0,0,0,0,0,0,0,0,0,0,0,0,0,909,0,0,0,0,0,0,0,0,0,0,0,0,0,0,0,0,0,0,0,0,0,0,0,0,0,0,0,0,0,0,0,0
720575940627271230,99379688689,2738188739732502260,137767.14959049228,108117,31.898729279546643,685.8149592588561,3.3866104837679973,2.6935989095862056,66.08162641912891,22.12447702098597,484632264,208502136,42412280,484641788,208503908,42418760,0,0,0,0,0,0,0,0,0,0,0,0,0,0,0,0,0,0,0,0,0,0,180,0,0,0,0,0,0,0,0,0,0,0,0,0,0,14,0,0,0,0,0,0,0,0,0,0,0,0,0,0,0,0,0,2,0,0,0,0,0,0,0,0,0,0,0,0,0,0,0,0,0,0,0,0,0,0,0,0,0,0,0,0,0,0,0,0,5,0,0,0,0,0,14,0,0,0,0,0,0,0,0,11,0,0,0,0,0,0,428,0,0,0,0,0
720575940627677258,58773846518,7493989907884296740,80412.33235836029,79654,100.00330783629062,351.2106070129563,41.93818089913483,20.125533452356716,153.1912809930278,9.531088541134062,401636904,184719772,51196400,401638800,184725468,51200520,0,0,0,0,0,0,0,0,0,0,0,0,0,0,0,0,0,0,0,0,0,0,0,0,0,0,0,0,0,0,0,0,0,0,0,0,0,0,0,0,0,0,0,0,0,0,0,0,0,0,0,0,0,0,0,0,0,0,0,0,0,0,0,0,0,0,0,667,0,0,0,0,0,0,0,0,0,0,0,0,0,0,0,0,0,0,0,0,0,0,0,0,0,0,0,0,0,0,0,0,0,0,0,0,0,0,0,0,0,0,0,0,0,0,0,0
720575940627944464,145974489876,6917529320586983860,339227.5667142868,198219,55.97478188632439,1344.1048425709596,21.244790669871204,9.338627179824638,43.14912468394316,46.1878370146112,718396812,389000840,115456560,718395308,389000524,115460800,0,0,0,0,0,0,0,0,0,0,0,0,0,0,0,0,0,0,0,0,0,0,0,0,0,67,0,0,0,0,0,0,0,0,0,0,0,0,0,0,0,0,0,0,0,1292,0,0,0,0,0,0,0,0,0,0,13,0,0,0,0,0,0,0,0,0,0,0,0,0,0,0,0,0,0,0,0,0,0,0,5,0,0,0,0,0,0,0,0,0,0,0,0,0,0,0,0,0,0,0,0,0,0,0,0,0,0,0,0,0,0,0,0,0,0,0
720575940628945516,121536076300,-6917528865967061000,209076.0162911415,118727,16.60842171702952,830.7680105263807,5.2159609749521145,2.7849627881918937,34.444758250726906,22.177886929730857,463925188,221154160,71284240,463920392,221152276,71291760,0,0,0,0,0,0,0,0,0,0,0,0,0,0,0,0,0,0,604,0,0,0,0,0,0,0,0,0,0,0,0,0,0,0,0,0,0,0,0,0,0,0,0,0,0,0,0,0,0,0,0,0,0,0,0,0,0,0,0,0,0,0,0,0,0,0,0,0,0,0,0,0,0,0,0,0,0,0,0,0,0,0,0,0,0,0,0,0,0,0,0,0,0,0,0,0,0,0,0,0,0,0,0,305,0,0,0,0,0,0,0,0,0,0,0,0
720575940629007230,168864826743,-8791026184453551947,320202.06166267395,191867,57.94660634267616,1291.2685860408237,17.590664655214745,1.3894515704264063,41.636132819595474,37.16855851820762,836528328,383819992,88789960,836541512,383821848,88799600,0,0,0,0,3,0,0,7,0,0,0,0,0,0,0,0,0,0,0,0,0,0,0,0,0,0,0,0,0,0,0,0,0,0,0,0,0,0,0,0,0,0,0,0,0,0,0,0,0,0,0,0,0,0,4,0,0,0,0,0,0,0,0,0,0,0,0,0,0,0,0,0,1094,0,0,0,0,0,0,0,0,0,0,60,0,0,0,0,0,0,1,0,0,0,0,0,0,0,0,0,0,0,0,0,0,0,0,0,0,0,6,0,0,0,0,0
720575940629275898,96316686043,-7349874417634612372,203929.4632754326,123993,40.72463226273951,805.2820956481446,19.281713974430836,0.6902971104621992,40.92596569525126,30.09529491116971,519250100,227288864,68766120,519248132,227296172,68772840,0,0,0,0,0,0,0,0,0,0,0,0,0,0,0,0,0,0,282,0,0,0,0,0,0,0,0,0,0,0,0,0,0,0,0,0,0,0,0,0,0,0,0,0,0,0,0,0,0,0,0,0,0,0,0,0,0,0,0,0,0,0,0,0,0,0,0,0,0,0,0,0,0,0,0,0,0,0,0,0,0,0,0,0,0,0,0,0,0,0,0,0,0,0,0,0,0,0,0,0,0,0,0,607,0,0,0,0,0,0,0,0,0,0,0,0
720575940629693302,94229758900,-3602879476495985879,256280.36361551288,148524,62.83870426839711,906.4012567070313,54.47441352102749,0.5618962642232563,36.16694539100681,86.55678383646863,668250392,318128124,80446360,668249416,318125412,80450440,0,0,0,0,0,0,0,0,0,0,0,0,0,0,0,0,0,0,0,0,0,0,0,0,0,0,0,0,0,0,0,0,0,0,0,0,0,0,0,0,0,0,0,0,0,0,0,0,0,0,0,0,0,0,30,0,0,0,0,0,0,0,0,0,0,0,0,21,0,0,0,0,0,0,0,0,0,0,0,0,0,0,0,971,0,0,0,0,0,0,0,0,0,0,0,0,0,0,0,0,0,0,0,0,0,0,0,0,0,0,0,0,0,0,0,0
720575940630271862,146219142933,-2305842762320483588,279842.2277188301,158827,28.295795521289623,1048.1554910387927,4.260638285455497,1.1778781365868842,27.48802907746964,90.62216867464498,705857580,303116176,58375160,705863840,303112156,58383520,0,0,0,0,0,0,0,0,0,0,0,0,0,0,0,0,0,0,0,0,0,0,306,0,0,0,0,0,0,0,0,0,0,0,0,0,0,28,0,0,0,0,0,0,0,0,0,0,0,0,0,0,0,0,0,13,0,0,0,0,0,0,0,0,0,0,0,0,0,0,0,0,3,0,0,0,0,0,0,0,0,0,0,0,0,0,0,0,0,0,0,0,0,0,0,0,0,0,0,0,0,0,0,0,0,0,0,0,0,0,465,0,0,0,0,0
720575940630282297,70515286146,720576055155464084,118116.70196866989,83166,28.063554730120796,526.8637668918818,18.17062043241687,0.8794363994889365,48.058945607364635,18.96367610342533,350006500,154707408,48212040,350009948,154701056,48219720,0,0,0,0,0,0,0,0,0,0,0,0,0,0,0,0,0,0,223,0,0,0,0,0,0,0,0,0,0,0,0,0,0,0,0,0,0,0,0,0,0,0,0,0,0,0,0,0,0,0,0,0,0,0,0,0,0,0,0,0,0,0,0,0,0,0,0,0,0,0,0,0,0,0,0,0,0,0,0,0,0,0,0,0,0,0,0,0,0,0,0,0,0,0,0,0,0,0,0,0,0,0,0,379,0,0,0,0,0,0,0,0,0,0,0,0
720575940630644281,92689309061,-1441151727753817820,156624.45668268207,102059,26.592637783160153,635.2200619513169,27.51787385804673,2.130945478327296,43.95798744599243,30.580496325161203,384997728,185869252,60586000,385000052,185869204,60597040,0,0,0,0,0,0,0,0,0,0,0,0,0,0,0,0,0,0,511,0,0,0,0,0,0,0,0,0,0,0,0,0,0,0,0,0,0,0,0,0,0,0,0,0,0,0,0,0,0,0,0,0,0,0,0,0,0,0,0,0,0,0,0,0,0,0,0,0,0,0,0,0,0,0,0,0,0,0,0,0,0,0,0,0,0,0,0,0,0,0,0,0,0,0,0,0,0,0,0,0,0,0,0,234,0,0,0,0,0,0,0,0,0,0,0,0
720575940631875298,140455617728,252573878939,271871.68406200415,166950,58.31503824946818,1141.3964790844475,12.987874966011898,0.8858985261718194,40.476157122826955,25.93854924052892,740209496,339971476,80011640,740210980,339979908,80017680,0,0,0,0,0,0,0,0,0,0,0,0,0,0,0,0,0,0,0,0,0,0,0,0,0,0,0,0,0,0,0,0,0,0,0,0,0,0,0,0,0,0,0,0,0,0,0,0,0,0,0,0,0,0,0,0,0,0,0,0,0,0,0,0,0,0,0,0,0,0,0,0,991,0,0,0,0,0,0,0,0,0,0,58,0,0,0,0,0,0,0,0,0,0,0,0,0,0,0,0,0,0,0,0,0,0,0,0,0,0,25,0,0,0,0,0
720575940632714465,1035005308,-3314649321223223950,2478.096345424652,2308,4.236808982910587,12.041243836283684,1.2996061995536363,0.046597443217791246,2.449006268812809,0.9267378684307903,12232172,5872704,1487680,12232344,5872260,1487680,0,0,0,0,0,0,0,0,0,0,0,0,0,0,0,0,0,0,0,0,0,0,0,0,0,0,0,0,0,0,0,0,0,0,0,0,0,0,0,0,0,0,0,0,0,0,0,0,0,0,0,0,0,0,0,0,0,0,0,0,0,0,0,0,0,0,0,0,0,0,0,0,0,0,0,0,0,0,0,0,0,0,0,21,0,0,0,0,0,0,0,0,0,0,0,0,0,0,0,0,0,0,0,0,0,0,0,0,0,0,0,0,0,0,0,0
720575940632913461,128572146836,-288230137136766975,264528.5859642029,162703,55.61411357659924,1127.9402824272402,8.497149852269848,0.7273048009106033,37.839109055881394,23.38204041736045,726775752,335787152,78315000,726784044,335791268,78322800,0,0,0,0,0,0,0,0,0,0,0,0,0,0,0,0,0,0,0,0,0,0,0,0,0,0,0,0,0,0,0,0,0,0,0,0,0,0,0,0,0,0,0,0,0,0,0,0,0,0,0,0,0,0,0,0,0,0,0,0,0,0,0,0,0,0,0,0,0,0,0,0,913,0,0,0,0,0,0,0,0,0,0,56,0,0,0,0,0,0,0,0,0,0,0,0,0,0,0,0,0,0,0,0,0,0,0,0,0,0,11,0,0,0,0,0
720575940633059381,128355024921,6629298866824480477,210713.7242841721,143644,46.14789158706022,1002.4826543467789,7.105102353681714,0.3791028980461906,39.12464828477555,14.760602257863686,641259552,295380312,69065280,641258728,295377304,69075520,0,0,0,0,0,0,0,0,0,0,0,0,0,0,0,0,0,0,0,0,0,0,0,0,0,0,0,0,0,0,0,0,0,0,0,0,0,0,0,0,0,0,0,0,0,0,0,0,0,0,0,0,0,0,54,0,0,0,0,0,0,0,0,0,0,0,0,0,0,0,0,0,897,0,0,0,0,0,0,0,0,0,0,1,0,0,0,0,0,0,0,0,0,0,0,0,0,0,0,0,0,0,0,0,0,0,0,0,0,0,10,0,0,0,0,0
720575940633274524,824949898,6485183465517566111,856.9746646881116,1010,3.446638088673353,2.5367365665733805,1.474157155607826,0.21871827940049057,0.5412560075055803,0.7824939885176726,5234020,2499716,625560,5234664,2499664,625680,0,0,0,0,0,0,0,0,0,0,0,0,0,0,0,0,0,0,0,0,0,0,0,0,0,0,0,0,0,0,0,0,0,0,0,0,0,0,0,0,0,0,0,0,0,0,0,0,0,0,0,0,0,0,0,0,0,0,0,0,0,0,0,0,0,0,0,0,0,0,0,0,0,0,0,0,0,0,0,0,0,0,0,7,0,0,0,0,0,0,0,0,0,0,0,0,0,0,0,0,0,0,0,0,0,0,0,0,0,0,0,0,0,0,0,0
720575940633280107,111852296767,-1729382105929046964,160365.29458665848,97900,18.13936869832831,644.6904732708936,11.37870784585049,1.4476646660704773,33.08064090296269,31.26314483154782,355104040,177880448,60360880,355101596,177875520,60369920,0,0,0,0,0,0,0,0,0,0,0,0,0,0,0,0,0,0,613,0,0,0,0,0,0,0,0,0,0,0,0,0,0,0,0,0,0,0,0,0,0,0,0,0,0,0,0,0,0,0,0,0,0,0,0,0,0,0,0,0,0,0,0,0,0,0,0,0,0,0,0,0,0,0,0,0,0,0,0,0,0,0,0,0,0,0,0,0,0,0,0,0,0,0,0,0,0,0,0,0,0,0,0,92,0,0,0,0,0,0,0,0,0,0,0,0
720575940633670904,141888330604,864691292422036657,207909.4490866661,128172,23.94471116890779,874.9077511739724,9.471749214076597,1.5231648408875038,30.894850909697812,33.25777504219602,517552608,235823132,73454080,517548124,235829864,73464120,0,0,0,0,0,0,0,0,0,0,0,0,0,0,0,0,0,0,448,0,0,0,0,0,0,0,0,0,0,0,0,0,0,0,0,0,0,0,0,0,0,0,0,0,0,0,0,0,0,0,0,0,0,0,0,0,0,0,0,0,0,0,0,0,0,0,0,0,0,0,0,0,0,0,0,0,0,0,0,0,0,0,0,0,0,0,0,0,0,0,0,0,0,0,0,0,0,0,0,0,0,0,0,517,0,0,0,0,0,0,0,0,0,0,0,0
720575940634781620,92853621465,1585267218708760672,122765.60613536835,92009,30.01439962728337,614.6798740347041,3.154235303080278,4.331341860605465,51.54092593969125,15.279223555518946,421777188,181242392,35401640,421785412,181242660,35408360,0,0,0,0,0,0,0,0,0,0,0,0,0,0,0,0,0,0,0,0,0,0,153,0,0,0,0,0,0,0,0,0,0,32,0,0,0,19,0,0,0,0,0,0,0,0,0,0,0,0,0,0,0,0,0,0,0,0,0,0,0,0,0,0,0,0,0,0,0,0,0,0,20,0,0,0,0,0,0,0,0,0,0,0,0,0,0,0,15,0,0,0,0,0,0,0,0,0,0,0,0,12,0,0,0,0,12,0,0,0,256,0,0,0,0,0
720575940635767524,146505384754,1729382535595947332,345306.62261199957,172604,54.35243020809501,1083.1712740522344,62.11687766990113,4.29376483772421,14.922894849448687,89.14275738706056,612874448,350245520,107313920,612863968,350259240,107317080,0,0,0,0,0,0,0,0,0,0,0,0,0,0,0,0,0,0,0,0,0,0,0,0,0,0,0,0,0,0,0,0,0,0,0,0,0,0,0,0,2,0,0,0,0,0,0,0,0,0,0,0,0,0,0,0,1226,0,0,0,0,0,0,0,0,0,0,0,0,0,0,0,0,0,0,0,0,0,0,0,2,0,0,0,0,0,0,0,0,0,0,0,0,0,0,0,0,0,0,0,0,0,0,0,0,0,0,0,0,0,0,0,0,0,0,0
720575940635916942,76979885239,2017612807514777062,172657.95505619052,108136,28.11119398480023,707.0039622233862,5.772891434971585,4.756745043168051,47.10520105391307,29.250006441396405,382627192,202620428,52506920,382620324,202618352,52513200,0,0,0,0,0,0,0,0,0,0,0,0,0,0,0,0,0,0,0,0,0,0,0,0,0,313,0,0,0,0,0,0,0,0,0,0,0,0,0,0,0,0,0,0,0,66,0,0,0,0,0,0,0,0,0,0,0,0,0,0,12,0,0,31,25,0,0,0,0,15,0,0,0,0,0,0,0,0,0,0,46,0,0,0,0,0,0,0,0,0,0,0,0,0,0,0,0,0,0,0,0,0,0,0,0,0,0,123,0,0,0,0,0,0,0,0
720575940635969399,159737961767,-8358680629202978770,299369.91544675827,189179,48.471013936742985,1285.1268504087304,11.330491400796095,2.379868884697612,39.810168891723656,34.88160529563835,822151424,378230780,87826600,822157476,378228540,87834480,0,0,0,0,0,0,0,0,0,0,0,0,0,0,0,0,0,0,0,0,0,0,0,0,0,0,0,0,0,0,0,0,0,0,0,0,0,0,0,0,0,0,0,0,0,0,0,0,0,0,0,0,0,0,60,0,0,0,0,0,0,0,0,0,0,0,0,0,0,0,0,0,959,0,0,0,0,0,0,0,0,0,0,16,0,0,0,0,0,0,0,0,0,0,0,0,0,0,0,0,0,0,0,0,0,0,0,0,0,0,9,0,0,0,0,0
720575940636878254,162397027900,-576460385025978547,344957.35236501694,240031,79.05794070648784,1592.4068888094573,6.389360123834263,4.198341559906398,140.74908826783346,45.19838312374439,1055919920,498439048,132639640,1055918580,498461400,132654960,0,0,0,0,36,0,0,0,0,0,0,0,0,0,0,0,0,0,0,0,0,0,0,0,0,0,0,0,0,0,0,0,0,0,0,0,0,0,0,0,0,0,0,0,0,0,0,0,0,0,0,0,0,0,0,0,0,0,0,0,0,0,0,0,0,0,0,0,0,0,0,0,20,0,0,0,0,0,0,0,0,0,0,28,0,0,0,0,0,0,1626,0,0,0,0,0,0,0,0,0,0,0,0,0,0,0,0,0,0,0,0,0,0,0,0,0
720575940637096026,2410041238,-3314649321234211692,2264.104901313782,2509,2.371648667554837,12.895288802683353,3.444085600149264,0.397710214121616,1.2002098564335024,0.6910575135843823,9813820,5622784,1767400,9814036,5623076,1767680,0,0,0,0,0,0,0,0,0,0,0,0,0,0,0,0,0,0,0,0,0,0,0,0,0,0,0,0,0,0,0,0,0,0,0,0,0,0,0,0,0,0,0,0,0,0,0,0,0,0,0,0,0,0,0,0,16,0,0,0,0,0,0,0,0,0,0,0,0,0,0,0,0,0,0,0,0,0,0,0,0,0,0,0,0,0,0,0,0,0,0,0,0,0,0,0,0,0,0,0,0,0,0,0,0,0,0,0,0,0,0,0,0,0,0,0
720575940637494837,118117809822,-4611685842585277449,241037.15357828143,130424,13.752315509355547,928.9493887647986,5.077433925432317,2.2324206360482006,14.634612676164467,27.353830410213202,520759012,240197912,73799440,520765352,240192808,73806040,0,0,0,0,0,0,0,0,0,0,0,0,0,0,0,0,0,0,510,0,0,0,0,0,0,0,0,0,0,0,0,0,0,0,0,0,0,0,0,0,0,0,0,0,0,0,0,0,0,0,0,0,0,0,0,0,0,0,0,0,0,0,0,0,0,0,0,0,0,0,0,0,0,0,0,0,0,0,0,0,0,0,0,0,0,0,0,0,0,0,0,0,0,0,0,0,0,0,0,0,0,0,0,449,0,0,0,0,0,0,20,0,0,0,0,0
720575940638300093,3442992115,6052837906141431481,3983.1668357849144,3916,4.865552450704855,16.519285185873745,7.366520971926548,0.7084237083981858,2.747478685514592,1.7927392302208311,15882196,9190264,2727560,15881424,9190560,2727760,0,0,0,0,0,0,0,0,0,0,0,0,0,0,0,0,0,0,0,0,0,0,0,0,0,0,0,0,0,0,0,0,0,0,0,0,0,0,0,0,1,0,0,0,0,0,0,0,0,0,0,0,0,0,0,0,26,0,0,0,0,0,0,0,0,0,0,0,0,0,0,0,0,0,0,0,0,0,0,0,0,0,0,0,0,0,0,0,0,0,0,0,0,0,0,0,0,0,0,0,0,0,0,0,0,0,0,0,0,0,0,0,0,0,0,0
720575940638389437,148499973240,-4467570594191515722,216061.25122642517,153027,47.83525331441476,978.7430645228244,21.65173845407589,5.277890075637945,113.76160605536471,29.730446054158694,583727280,313756920,99220280,583733040,313761596,99228120,0,0,0,0,0,931,0,0,0,0,0,0,0,0,0,0,0,0,0,0,0,0,0,0,0,0,0,0,0,0,0,0,0,0,0,0,0,0,0,0,0,0,0,0,0,2,0,0,0,0,0,0,0,0,0,0,71,0,0,0,0,0,0,0,0,0,0,0,0,0,0,0,0,0,0,0,0,0,0,0,0,0,0,0,0,0,0,0,0,0,0,0,0,0,0,0,0,0,0,0,0,0,0,0,0,0,0,0,0,0,0,0,0,0,0,0
720575940638509952,80740167916,5332262091751230561,142443.86047792435,87507,28.031061709480117,545.3265469446778,23.620925053048936,2.3991033081779536,40.613604107281205,33.00875744058429,325457672,162187912,55382240,325465024,162190952,55389680,0,0,0,0,0,0,0,0,0,0,0,0,0,0,0,0,0,0,526,0,0,0,0,0,0,0,0,0,0,0,0,0,0,0,0,0,0,0,0,0,0,0,0,0,0,0,0,0,0,0,0,0,0,0,0,0,0,0,0,0,0,0,0,0,0,0,0,0,0,0,0,0,0,0,0,0,0,0,0,0,0,0,0,0,0,0,0,0,0,0,0,0,0,0,0,0,0,0,0,0,0,0,0,106,0,0,0,0,0,0,0,0,0,0,0,0
720575940643707246,54067584610,7638105082955675981,121804.57016992569,79526,17.79139285523705,530.9621709558414,9.4878646962537,1.0773476659923336,45.56534667763566,20.115875090451013,346233580,151578680,45625200,346242408,151569712,45631760,0,0,0,0,0,0,0,0,0,0,0,0,0,0,0,0,0,0,147,0,0,0,0,0,0,0,0,0,0,0,0,0,0,0,0,0,0,0,0,0,0,0,0,0,0,0,0,0,0,0,0,0,0,0,0,0,0,0,0,0,0,0,0,0,0,0,0,0,0,0,0,0,0,0,0,0,0,0,0,0,0,0,0,0,0,0,0,0,0,0,0,0,0,0,0,0,0,0,0,0,0,0,0,433,0,0,0,0,0,0,0,0,0,0,0,0
720575940646372228,193549041688,-3891109766605042554,305338.23698949814,209847,54.935958723729485,1346.7455236563671,31.537515598947095,4.174820219439757,148.02071885709177,47.58546745984415,795218544,426447984,135024520,795215644,426442144,135035400,0,0,0,0,0,1376,0,0,0,0,0,0,0,0,0,0,0,0,0,0,0,0,0,0,0,0,0,0,0,0,0,0,0,0,0,0,0,0,0,0,0,0,0,0,0,89,0,0,0,0,0,0,0,0,0,0,58,0,0,0,0,0,0,0,0,0,0,0,0,0,0,0,0,0,0,0,0,0,0,0,0,0,0,0,0,0,0,0,0,0,0,0,0,0,0,0,0,0,0,0,0,0,0,0,0,0,0,0,0,0,0,0,0,0,0,0
720575940646785924,135662958860,3170534380419959259,257055.10023975375,170635,46.795207426247046,1173.7442529490236,8.808881613230373,0.32026575341980645,55.83263427050687,24.498757258313663,758309992,351924960,82487920,758305992,351938052,82496160,0,0,0,0,0,0,0,0,0,0,0,0,0,0,0,0,0,0,0,0,0,0,0,0,0,0,0,0,0,0,0,0,0,0,0,0,0,0,0,0,0,0,0,0,0,0,0,0,0,0,0,0,0,0,4,0,0,0,0,0,0,0,0,0,0,0,0,0,0,0,0,0,959,0,0,0,0,0,0,0,0,0,0,28,0,0,0,0,0,0,0,0,0,0,0,0,0,0,0,0,0,0,0,0,0,0,0,0,0,0,13,0,0,0,0,0
720575940648747385,454598288,2882303762439776298,471.0418519973753,520,2.049087524414063,1.5776565689593554,0.1469906698912382,0.13094530195121457,0.0618331504520029,0.033486764004919595,2330040,1106200,287960,2329864,1106480,287880,0,0,0,0,0,0,0,0,0,0,0,0,0,0,0,0,0,0,0,0,0,0,0,0,0,0,0,0,0,0,0,0,0,0,0,0,0,0,0,0,0,0,0,0,0,0,0,0,0,0,0,0,0,0,0,0,0,0,0,0,0,0,0,0,0,0,0,1,0,0,0,0,0,0,0,0,0,0,0,0,0,0,0,2,0,0,0,0,0,0,0,0,0,0,0,0,0,0,0,0,0,0,0,0,0,0,0,0,0,0,0,0,0,0,0,0
720575940650751873,21787874588,6629298694345638821,28025.334908485416,26563,87.89574873920355,77.74156456355195,11.67914773006732,1.7576344846678105,31.839410702859453,3.086494074624589,126406700,58027696,16466040,126406640,58027872,16467440,0,0,0,0,0,0,0,0,0,0,0,0,0,0,0,0,0,0,0,0,0,0,0,0,0,0,0,0,0,0,0,0,0,0,0,0,0,0,0,0,0,0,0,0,0,0,0,0,0,0,0,0,0,0,0,0,0,0,0,0,0,0,0,0,0,0,0,201,0,0,0,0,0,0,0,0,0,0,0,0,0,0,0,0,0,0,0,0,0,0,0,0,0,0,0,0,0,0,0,0,0,0,0,0,0,0,0,0,0,0,6,0,0,0,0,0
720575940651079158,90535361777,8646911451960512458,220145.1178660393,117223,58.91988167242742,637.8681299094897,32.16652630044571,6.8511062200142305,109.62598763785878,62.568367835320714,419365876,228937400,68901520,419370716,228943484,68908000,0,0,0,0,0,0,0,0,0,0,0,0,0,0,0,0,0,0,43,0,0,0,0,0,0,504,0,0,0,0,0,0,0,0,0,0,0,0,0,0,221,0,0,0,0,10,0,0,0,0,0,0,0,0,0,0,0,0,0,0,0,0,0,0,0,0,0,0,0,0,0,0,0,0,0,0,0,0,0,0,0,0,0,0,0,0,0,0,0,0,0,0,0,0,0,0,0,0,0,0,0,0,0,0,0,0,0,0,0,0,0,0,0,0,0,0
