post_pt_root_id,DL2d_R,VC2_L,VA6_L,DC3_R,VM6_L,VP2_R,DL4_L,VM4_L,VA4_L,DC1_R,DA4m_R,VM7v_R,DM5_R,DA1_R,VC4_L,VL2a_R,VL1_R,DM1_R,VP4_R,D_R,VM5v_R,DP1m_R,VP1d_L,VA2_L,VM2_L,VP1l_R,VA7m_L,VL2p_L,DM3_R,VA1d_R,DA3_R,DA4l_R,VA5_L,DL5_L,VM7d_L,DM4_R,VC1_L,DL2v_L,VC3_L,DM6_R,VP3_R,DC2_R,DL3_L,VA7l_L,VM3_L,VP1m_R,VA3_L,DA2_R,DM2_R,VA1v_L,VC5_L,DP1l_R,DC4_R,VM5d_L,V_L,DL1_L,VP5_R,VM1_L,DA4l_L,VA5_R,DL5_R,VM7d_R,DM4_L,VC1_R,DL2v_R,VC3_R,DM6_L,VP3_L,DC2_L,VA7l_R,DL3_R,VM3_R,VP1m_L,VA3_R,DA2_L,DM2_L,VA1v_R,VC5_R,DP1l_L,DC4_L,V_R,VM5d_R,DL1_R,VP5_L,VM1_R,DL2d_L,VC2_R,VA6_R,DC3_L,VM6_R,VP2_L,DL4_R,VM4_R,VA4_R,DC1_L,DA4m_L,VM7v_L,DM5_L,DA1_L,VC4_R,VL2a_L,VL1_L,DM1_L,VP4_L,VM5v_L,D_L,DP1m_L,VP1d_R,VA2_R,VM2_R,VP1l_L,VA7m_R,VL2p_R,DM3_L,VA1d_L,DA3_L
720575940604403628,0,0,0,0,0,0,0,0,0,0,0,0,0,0,0,0,0,0,0,0,0,0,0,0,0,0,0,0,0,0,0,0,0,0,0,0,0,0,0,0,0,0,0,0,0,0,0,0,0,0,0,0,0,0,7,0,0,0,0,0,0,0,0,0,0,0,0,512,0,0,0,0,5,0,0,0,0,0,0,0,0,0,0,319,0,0,0,0,0,0,1,0,0,0,0,0,0,0,0,0,0,16,0,0,0,0,0,0,0,0,8,0,0,0,0,0
720575940604414636,0,0,0,0,0,6,0,0,0,0,0,0,0,0,0,0,0,0,0,0,0,0,0,0,0,0,0,0,0,0,0,0,0,0,0,0,0,0,0,0,59,0,0,0,0,8,0,0,0,0,0,0,0,0,0,0,671,0,0,0,0,0,0,0,0,0,0,0,0,0,0,0,0,0,0,0,0,0,0,0,4,0,0,0,0,0,0,0,0,0,0,0,0,0,0,0,0,0,0,0,0,0,0,0,0,0,0,0,0,0,0,0,0,0,0,0
720575940604911793,0,0,0,0,0,8,0,0,0,0,0,0,0,0,0,0,0,0,0,0,0,0,0,0,0,0,0,0,0,0,0,0,0,0,0,0,0,0,0,0,4,0,0,0,0,17,0,0,0,0,0,0,0,0,0,0,29,0,0,0,0,0,0,0,0,0,0,0,0,0,0,0,0,0,0,0,0,0,0,0,1,0,0,0,0,0,0,0,0,0,0,0,0,0,0,0,0,0,0,0,0,0,0,0,0,0,0,3,0,0,0,0,0,0,0,0
720575940607539907,0,0,0,0,0,22,0,0,0,0,0,0,0,0,0,0,0,0,1,0,0,0,0,0,0,0,0,0,0,0,0,0,0,0,0,0,0,0,0,0,2,0,0,0,0,15,0,0,0,0,0,0,0,0,0,0,39,0,0,0,0,0,0,0,0,0,0,0,0,0,0,0,0,0,0,0,0,0,0,0,2,0,0,0,0,0,0,0,0,0,0,0,0,0,0,0,0,0,0,0,0,0,0,0,0,0,0,0,0,0,0,0,0,0,0,0
720575940608293129,0,0,0,0,2,0,0,0,0,0,0,0,0,0,0,0,0,0,0,0,0,0,9,0,0,0,0,0,0,0,0,0,0,0,0,0,1,0,0,0,0,0,0,0,0,0,0,0,0,0,0,0,0,0,0,0,0,0,0,0,0,0,0,0,0,0,0,3,0,0,0,0,29,0,0,0,0,0,0,0,0,0,0,185,0,0,0,0,0,0,3003,0,0,0,0,0,0,0,0,0,0,0,0,0,0,0,0,0,0,0,1,0,0,0,0,0
720575940608295032,0,0,0,0,0,2,0,0,0,0,0,0,0,0,0,0,5,0,23,0,0,6,0,0,0,53,0,0,0,0,0,0,0,0,0,0,0,0,0,0,3,0,0,0,0,15,0,0,0,0,0,0,0,0,0,0,0,0,0,0,0,0,0,0,0,0,0,0,0,0,0,0,0,0,0,0,0,0,0,0,0,0,0,0,0,0,0,0,0,0,0,0,0,0,0,0,0,0,0,0,0,0,0,0,0,0,0,7,0,0,0,0,24,0,0,0
720575940609739669,0,0,0,0,0,71,0,0,0,0,0,0,0,0,0,0,0,0,2,0,0,0,38,0,0,0,0,0,0,0,0,0,0,0,0,0,0,0,0,0,94,0,0,0,0,0,0,0,0,0,0,0,0,0,0,0,46,0,0,0,0,0,0,0,0,0,0,184,0,0,0,0,0,0,0,0,0,0,0,0,0,0,0,61,0,0,0,0,0,0,82,0,0,0,0,0,0,0,0,0,0,11,0,0,0,0,0,30,0,0,24,0,0,0,0,0
720575940610511043,0,0,0,0,0,147,0,0,0,0,0,0,0,0,0,0,1,0,0,0,0,0,0,0,0,3,0,0,0,0,0,0,0,0,0,0,0,0,0,0,0,0,0,0,0,5,0,0,0,0,0,0,0,0,0,0,20,0,0,0,0,0,0,0,0,0,0,0,0,0,0,0,0,0,0,0,2,0,0,0,2,0,0,0,0,0,0,0,0,32,0,0,0,0,0,0,0,0,0,0,0,0,0,0,0,0,0,0,0,0,0,0,0,0,0,0
720575940610609454,0,0,0,0,3,0,0,0,0,0,0,0,0,0,0,0,0,0,0,0,0,0,0,0,0,0,0,0,0,0,0,0,0,0,0,0,0,0,0,0,0,0,0,0,0,0,0,0,0,0,0,0,0,0,1,0,0,0,0,0,0,0,0,0,0,0,0,11,0,0,0,0,9,0,0,0,0,0,0,0,0,0,0,2,0,0,0,0,0,0,83,0,0,0,0,0,0,0,0,0,0,0,0,0,0,0,0,0,0,0,1,0,0,0,0,0
720575940610773782,0,0,0,0,0,2,0,0,0,0,0,0,0,0,0,0,0,0,288,0,0,0,0,0,0,3,0,0,0,0,0,0,0,0,0,0,0,0,0,0,3,0,0,0,0,0,0,0,0,0,0,0,0,0,0,0,0,0,0,0,0,0,0,0,0,0,0,0,0,0,0,0,0,0,0,0,0,0,0,0,0,0,0,0,0,0,0,0,0,0,0,0,0,0,0,0,0,0,0,0,0,0,0,11,0,0,0,0,0,0,0,0,0,0,0,0
720575940611352014,0,0,0,0,0,0,0,0,0,0,0,0,0,0,0,0,0,0,2,0,0,0,0,0,0,264,0,0,0,0,0,0,0,0,0,0,0,0,0,0,491,0,0,0,0,6,0,0,0,0,0,0,0,0,0,0,10,0,0,0,0,0,0,0,0,0,0,847,0,0,0,0,2,0,0,0,0,0,0,0,0,0,0,4,0,0,0,0,0,0,0,0,0,0,0,0,0,0,0,0,0,0,0,4,0,0,0,0,0,0,198,0,0,0,0,0
720575940611520721,0,0,0,0,0,0,0,0,0,0,0,0,0,0,0,0,0,0,0,0,0,0,0,0,0,0,0,0,0,0,0,0,0,10,0,0,0,0,0,0,0,0,0,0,0,0,0,0,0,0,0,0,0,0,0,0,0,0,0,0,0,0,0,0,0,0,0,9,0,0,0,0,1,0,0,0,0,0,0,0,0,0,0,0,0,0,0,0,0,0,0,0,0,0,0,0,0,0,0,0,0,0,0,17,0,0,1,0,0,0,38,0,0,0,0,0
720575940612031986,0,0,0,0,0,0,0,0,0,0,0,0,0,0,0,0,0,0,0,0,0,0,0,0,0,0,0,0,0,0,0,0,0,0,0,0,0,0,0,0,0,0,0,0,0,0,0,0,0,0,0,0,0,0,2,0,0,0,0,0,0,0,0,0,0,0,0,15,0,0,0,0,84,0,0,0,0,0,0,0,0,0,0,21,0,0,0,0,0,0,7,0,0,0,0,0,0,0,0,0,0,2,0,10,0,0,0,0,0,0,21,0,0,0,0,0
720575940612284569,2,0,1,17,0,0,0,0,0,1,1,0,0,0,0,20,69,0,613,0,0,33,0,0,0,787,0,7,0,0,0,16,0,6,0,5,2,16,0,0,21,7,0,0,0,140,0,0,0,0,0,22,0,0,0,12,0,0,0,1,19,0,3,28,21,0,0,0,0,10,0,0,2,0,0,0,26,0,1,0,1,0,48,0,3,0,0,6,4,0,0,4,0,2,0,0,0,0,0,0,0,0,0,174,0,0,0,21,0,0,436,0,147,0,0,0
720575940612468594,0,3,4,0,12,6,0,3,1,0,0,0,0,0,0,0,0,0,1,0,0,0,1,0,0,7,0,0,0,0,0,0,1,0,0,0,13,0,0,0,0,0,0,3,0,11,0,0,0,0,5,0,0,0,19,0,0,6,0,0,0,0,0,0,0,0,0,5,2,0,0,0,76,0,0,0,0,0,0,3,0,0,0,11,0,0,0,0,0,4,71,0,0,0,7,0,0,0,0,0,0,2,0,21,0,0,0,3,0,0,37,0,0,0,0,0
720575940612551594,0,0,0,0,0,30,0,0,0,12,5,9,0,0,0,0,5,19,10,0,0,3,0,0,0,23,0,0,0,0,1,0,0,0,0,17,0,0,0,0,0,20,0,0,0,69,0,12,2,0,0,0,10,0,0,0,15,0,0,0,0,3,0,1,0,0,0,0,0,0,0,0,0,0,0,0,0,0,0,0,38,0,0,0,1,0,0,0,0,0,0,0,0,0,0,0,0,0,0,0,0,0,0,0,0,0,0,25,0,0,0,4,0,0,0,0
720575940612856273,0,0,0,0,0,0,0,0,0,0,0,0,0,0,0,0,0,0,0,0,0,0,0,0,0,0,0,0,0,0,0,0,0,0,0,0,0,0,0,0,0,0,0,0,0,0,0,0,0,0,0,0,0,0,20,0,0,0,0,0,0,0,0,0,0,0,0,46,0,0,0,0,10,0,0,0,0,0,0,0,0,0,0,383,0,0,0,0,0,0,156,0,0,0,0,0,0,0,0,0,0,0,0,0,0,0,0,0,0,0,0,0,0,0,0,0
720575940612856342,0,0,0,0,0,219,0,0,0,0,0,0,0,0,0,0,1,0,1,0,0,0,0,0,0,11,0,0,0,0,0,0,0,0,0,0,0,0,0,0,4,0,0,0,0,21,0,0,0,0,0,0,1,0,0,0,24,0,0,0,0,0,0,1,0,0,0,0,0,0,0,0,0,0,0,0,0,0,0,0,0,0,0,0,3,0,0,0,0,0,0,0,6,0,0,0,0,0,0,0,0,0,0,0,0,0,0,1,0,0,0,0,0,0,0,0
720575940613203119,0,0,0,0,0,0,0,0,0,0,0,0,0,0,0,0,0,0,5,0,0,0,0,0,0,182,0,0,0,0,0,0,0,0,0,0,0,0,0,0,669,0,0,0,0,6,0,0,0,0,0,0,0,0,0,0,5,0,0,0,0,0,0,0,0,0,0,617,0,0,0,0,26,0,0,0,0,0,0,0,0,0,0,16,0,0,0,0,0,0,0,0,0,0,0,0,0,0,0,0,0,0,0,7,0,0,0,0,0,0,226,0,0,0,0,0
720575940613762466,0,0,0,0,0,0,0,0,0,0,0,0,0,0,0,0,0,0,0,0,0,0,15,0,0,0,0,0,0,0,0,0,0,0,0,0,0,0,0,0,0,0,0,0,0,0,0,0,0,0,0,0,0,0,0,0,0,0,0,0,0,0,0,0,0,0,0,0,0,0,0,0,15,0,0,0,0,0,0,0,0,0,0,6,0,0,0,0,0,0,3,0,0,0,0,0,0,0,0,0,0,0,0,5,0,0,0,0,0,0,108,0,0,0,0,0
720575940613809554,0,0,0,0,0,12,0,0,0,5,0,11,0,0,0,0,0,3,31,9,0,0,0,0,0,70,0,0,0,0,0,0,0,0,0,12,0,0,0,0,0,4,0,0,0,39,0,0,3,0,0,5,13,0,0,0,0,0,0,0,4,5,0,10,0,3,0,0,0,0,0,0,0,0,0,0,0,7,0,0,14,0,45,0,3,0,0,1,0,4,0,0,0,0,0,0,0,0,0,0,0,0,0,0,0,0,0,4,0,0,0,0,0,0,0,0
720575940613869777,0,0,0,0,0,7,0,0,0,0,0,0,0,0,0,0,4,0,0,0,0,0,0,0,0,19,0,0,0,0,0,0,0,0,0,0,0,0,0,0,779,0,0,0,0,0,0,0,0,0,0,0,0,0,0,0,403,0,0,0,0,0,0,0,0,0,0,0,0,0,0,0,0,0,0,0,0,0,0,0,2,0,0,0,0,0,0,0,0,0,0,0,0,0,0,0,0,0,0,0,0,0,0,0,0,0,0,0,0,0,0,0,0,0,0,0
720575940614065676,0,0,0,0,0,365,0,0,0,0,0,0,0,0,0,0,0,0,0,0,0,0,0,0,0,0,0,0,0,0,0,0,0,0,0,0,0,0,0,0,62,0,0,0,0,23,0,0,0,0,0,0,0,0,0,0,355,0,0,0,0,0,0,0,0,0,0,0,0,0,0,0,0,0,0,0,0,0,0,0,39,0,0,0,0,0,0,0,0,3,0,0,0,0,0,0,0,0,0,0,0,0,0,0,0,0,0,6,0,0,0,0,0,0,0,0
720575940614326162,0,1,5,0,8,0,1,0,0,0,0,0,0,0,10,0,0,0,0,0,0,0,3,0,0,0,0,0,0,0,0,0,1,59,210,0,63,0,50,0,0,0,0,0,0,0,0,0,0,0,6,0,0,10,417,173,0,0,11,0,0,0,9,0,0,0,0,0,40,0,0,0,171,0,14,55,0,0,0,130,0,0,0,61,0,0,0,0,2,0,115,0,0,0,69,0,144,0,0,0,0,18,0,29,28,0,0,0,0,0,122,0,0,2,0,0
720575940614344354,0,0,0,0,1,130,0,0,0,0,0,0,0,0,0,0,32,0,182,0,0,0,15,0,0,0,0,11,0,0,0,0,4,0,0,0,0,0,0,0,32,0,0,0,0,2,1,0,0,1,0,0,0,0,19,0,59,0,0,0,0,0,0,0,0,0,0,125,0,0,0,0,18,0,0,0,0,0,0,0,12,0,0,110,0,0,0,0,0,0,139,0,0,0,0,0,0,0,0,0,0,67,0,280,0,0,0,0,0,0,9,0,0,0,0,0
720575940614774923,0,0,0,0,0,0,0,0,0,0,0,0,0,0,0,0,1,0,8,0,0,7,0,0,0,48,0,0,0,0,0,0,0,0,0,1,0,0,0,0,4,0,0,0,0,19,0,0,0,0,0,1,0,0,0,0,0,0,0,0,0,0,0,0,0,0,0,0,0,0,0,0,0,0,0,0,0,0,0,0,4,0,0,0,0,0,0,0,0,0,0,0,0,0,0,0,0,0,0,0,0,0,0,0,0,0,0,21,0,0,0,0,16,0,0,0
720575940614871106,0,0,0,0,0,0,0,0,0,0,0,0,0,0,0,0,2,0,93,0,0,0,0,0,0,226,0,0,0,0,0,0,0,0,0,0,0,0,0,0,217,0,0,0,0,15,0,0,0,0,0,0,0,0,1,0,6,0,0,0,0,0,0,0,0,0,0,201,0,0,0,0,1,0,0,0,0,0,0,0,0,0,0,1,0,0,0,0,0,0,0,0,0,0,0,0,0,0,0,0,0,5,0,28,0,0,0,4,0,0,199,0,0,0,0,0
720575940615189465,0,5,19,0,0,0,5,12,0,0,0,0,0,0,0,0,0,0,0,0,0,0,5,0,0,0,0,10,0,0,0,0,5,7,0,0,0,0,0,0,0,0,0,10,0,0,2,0,0,263,0,0,0,0,5,11,0,3,9,0,0,0,0,0,0,0,0,281,0,0,0,0,0,0,0,0,0,0,0,0,0,0,0,47,0,0,0,0,56,0,9,0,0,0,0,0,0,0,1,0,3,47,0,4,0,4,0,0,0,0,23,0,0,0,386,0
720575940616345686,0,0,0,0,0,84,0,0,0,0,0,0,0,0,0,0,5,0,7,0,0,0,29,0,0,22,0,0,0,0,0,0,0,0,0,0,0,0,0,0,148,0,0,0,0,5,0,0,0,0,0,0,0,0,0,0,84,0,0,0,0,0,0,0,0,0,0,150,0,0,0,0,3,0,0,0,0,0,0,0,1,0,0,47,0,0,0,0,0,4,71,0,0,0,0,0,0,0,0,0,0,0,0,0,0,0,0,54,0,0,0,0,0,0,0,0
720575940617422641,0,0,0,0,0,12,0,0,0,0,0,0,0,0,0,0,0,0,2,0,0,0,0,0,0,0,0,0,0,0,0,0,0,0,0,0,0,0,0,0,218,0,0,0,0,0,0,0,0,0,0,0,0,0,0,0,0,0,0,0,0,0,0,0,0,0,0,163,0,0,0,0,0,0,0,0,0,0,0,0,0,0,0,1,0,0,0,0,0,0,4,0,0,0,0,0,0,0,0,0,0,0,0,1,0,0,0,0,0,0,0,0,0,0,0,0
720575940617504581,0,0,0,0,0,0,0,0,0,0,0,0,0,0,0,0,0,0,19,0,0,0,0,0,0,0,0,0,0,0,0,0,0,0,0,0,0,0,0,0,0,0,0,0,0,0,0,0,0,0,0,0,0,0,0,0,0,0,0,0,0,0,0,0,0,0,0,0,0,0,0,0,0,0,0,0,0,0,0,0,0,0,0,0,0,0,0,0,0,0,1,0,0,0,0,0,0,0,0,0,0,0,0,261,0,0,0,0,0,0,8,0,0,0,0,0
720575940617839739,0,0,0,0,0,35,0,0,0,0,0,0,0,0,0,0,0,0,0,0,0,0,0,0,0,0,0,0,0,0,0,0,0,0,0,0,0,0,0,0,18,0,0,0,0,1,0,0,0,0,0,0,0,0,0,0,22,0,0,0,0,0,0,0,0,0,0,0,0,0,0,0,0,0,0,0,0,0,0,0,1,0,0,0,0,0,0,0,0,0,0,0,0,0,0,0,0,0,0,0,0,0,0,0,0,0,0,0,0,0,0,0,0,0,0,0
720575940618210614,0,0,0,0,0,25,0,0,0,0,0,0,0,0,0,0,0,0,9,0,0,0,0,0,0,6,0,0,0,0,0,0,0,0,0,0,0,0,0,0,561,0,0,0,0,0,0,0,0,0,0,0,0,0,0,0,13,0,0,0,0,0,0,0,0,0,0,190,0,0,0,0,0,0,0,0,0,0,0,0,0,0,0,0,0,0,0,0,0,0,3,0,0,0,0,0,0,0,0,0,0,0,0,4,0,0,0,0,0,0,0,0,0,0,0,0
720575940618800225,0,0,0,0,0,0,0,0,0,0,0,0,0,0,0,0,0,0,0,0,0,0,0,0,0,0,0,0,0,0,0,0,0,0,0,0,0,0,0,0,0,0,0,0,0,0,0,0,0,0,0,0,0,0,7,0,0,0,0,0,0,0,0,0,0,0,0,3,0,0,0,0,16,0,0,0,0,0,0,0,0,0,0,31,0,0,0,0,0,0,32,0,0,0,0,0,0,0,0,0,0,0,0,0,0,0,0,0,0,0,0,0,0,0,0,0
720575940619376767,0,0,0,0,0,0,0,2,0,0,0,0,0,0,0,0,0,0,0,0,0,0,119,0,0,0,0,2,0,0,0,0,0,3,0,0,0,0,0,0,0,0,0,0,0,0,0,0,0,0,0,0,0,0,1,0,0,0,0,0,0,0,0,0,0,0,0,0,0,0,0,0,6,0,0,0,0,0,0,0,0,0,0,0,0,0,0,0,0,0,5,0,0,0,0,0,0,0,0,0,0,0,0,0,0,0,0,0,0,0,10,0,0,0,0,0
720575940619411147,0,0,0,0,0,0,0,0,0,0,0,0,0,0,0,0,0,0,17,0,0,0,0,0,0,5,0,0,0,0,0,0,0,0,0,0,0,0,0,0,0,0,0,0,0,2215,0,0,0,0,0,0,0,0,0,0,112,0,0,0,0,0,0,0,0,0,0,0,0,0,0,0,0,0,0,0,0,0,0,0,10,0,0,0,0,0,0,0,0,0,0,0,0,0,0,0,0,0,0,0,0,0,0,0,0,0,0,12,0,0,0,0,0,0,0,0
720575940619766219,0,49,16,0,0,0,11,0,0,0,0,0,0,0,2,0,0,0,0,0,0,0,8,0,0,0,4,0,0,0,0,0,0,13,3,0,22,0,1,0,0,0,0,0,0,0,0,0,0,0,0,0,0,0,33,0,0,2,0,0,0,0,10,0,0,0,0,1,5,0,0,0,52,0,18,8,0,0,0,8,0,0,0,30,0,0,0,0,0,0,36,0,0,0,13,1,3,0,0,0,0,5,5,8,0,0,4,0,0,0,73,0,0,0,0,0
720575940619772525,0,0,0,0,10,0,0,3,0,0,0,0,0,0,0,0,0,0,0,0,0,0,7,0,0,0,0,0,0,0,0,0,0,0,0,0,0,0,0,0,0,0,0,0,0,0,0,0,0,0,11,0,0,0,19,0,0,0,0,0,0,0,0,0,0,0,0,62,0,0,0,0,32,0,0,0,0,0,0,0,0,0,0,245,0,0,0,0,0,0,436,0,0,0,0,0,0,0,0,0,0,1,0,4,0,0,0,0,0,0,4,0,0,0,0,0
720575940619895125,0,0,0,0,0,3111,0,0,0,0,0,0,0,0,0,0,0,0,4,0,0,0,0,0,0,0,0,0,0,0,0,0,0,0,0,0,0,0,0,0,0,0,0,0,0,83,0,0,0,0,0,0,0,0,0,0,330,0,0,0,0,0,0,0,0,0,0,0,0,0,0,0,0,0,0,0,0,0,0,0,10,0,0,0,1,0,0,0,0,5,0,0,0,0,0,0,0,0,0,1,0,0,0,0,0,0,0,71,0,0,0,0,0,0,0,0
720575940620196628,0,0,0,0,0,7,0,0,0,0,0,0,0,0,0,0,0,0,10,0,0,5,0,0,0,42,0,0,0,0,0,0,0,0,0,0,0,0,0,0,2,0,0,0,0,7,0,0,0,0,0,0,0,0,0,0,0,0,0,0,0,0,0,0,0,0,0,0,0,0,0,0,0,0,0,0,0,0,0,0,1,0,0,0,0,0,0,0,0,0,0,0,0,0,0,0,0,0,0,0,0,0,0,0,0,0,0,47,0,0,0,0,9,0,0,0
720575940620445062,0,0,0,0,0,20,0,0,0,0,0,0,0,0,0,0,9,0,41,0,0,0,0,0,0,28,0,0,0,0,0,0,0,0,0,0,0,0,0,0,104,0,0,0,0,30,0,0,0,0,0,0,0,0,0,0,108,0,0,0,0,0,0,3,0,0,0,0,0,0,0,0,0,0,0,0,0,0,0,0,0,0,0,0,0,0,0,0,0,0,0,0,0,0,0,0,0,0,0,0,0,0,0,0,0,0,0,2,0,0,0,0,3,0,0,0
720575940620566808,0,0,0,0,0,0,0,0,0,0,0,0,0,0,0,0,0,0,0,0,0,0,0,0,0,0,0,0,0,0,0,0,0,1,0,0,0,0,0,0,0,0,0,0,0,0,0,0,0,0,0,0,0,0,0,5,0,0,0,0,0,0,0,0,0,0,0,7,0,0,0,0,2,0,0,0,0,0,0,0,0,0,0,0,0,0,0,0,0,0,0,0,0,0,0,0,0,0,0,0,0,4,0,4,0,0,0,0,0,0,82,0,0,0,0,0
720575940620931312,0,0,0,0,0,105,0,0,0,0,0,0,0,0,0,0,0,0,0,0,0,0,0,0,0,0,0,0,0,0,0,0,0,0,0,0,0,0,0,0,30,0,0,0,0,4,0,0,0,0,0,0,0,0,0,0,565,0,0,0,0,0,0,0,0,0,0,0,0,0,0,0,0,0,0,0,0,0,0,0,16,0,0,0,0,0,0,0,0,0,0,0,0,0,0,0,0,0,0,0,0,0,0,0,0,0,0,0,0,0,0,0,0,0,0,0
720575940621307574,0,0,0,0,0,23,0,0,0,0,0,0,0,0,0,0,0,0,7,0,0,0,0,0,0,14,0,0,0,0,0,0,0,0,0,0,0,0,0,0,74,0,0,0,0,0,0,0,0,0,0,0,0,0,0,0,76,0,0,0,0,0,0,0,0,0,0,8,0,0,0,0,0,0,0,0,0,0,0,0,22,0,0,32,0,0,0,0,0,0,0,0,0,0,0,0,0,0,0,0,0,0,0,0,0,0,0,9,0,0,0,0,0,0,0,0
720575940621753377,0,0,0,0,0,5,0,0,0,0,0,0,0,0,0,0,0,0,3,0,0,0,0,0,0,0,0,0,0,0,0,0,0,0,0,0,0,0,0,0,22,0,0,0,0,184,0,0,0,0,0,0,0,0,28,0,250,0,0,0,0,0,0,0,0,0,0,21,0,0,0,0,239,0,0,0,0,0,0,0,3,0,0,209,0,0,0,0,0,0,21,0,0,0,0,0,0,0,0,0,0,0,0,1,0,0,0,0,0,0,0,0,0,0,0,0
720575940621762081,0,0,0,8,0,308,0,0,0,0,0,0,0,36,0,7,29,0,41,0,0,3,0,0,0,49,0,0,0,0,1,1,0,0,0,6,0,0,0,0,57,0,0,0,0,38,0,0,0,0,0,0,0,0,0,0,105,0,0,0,1,0,0,10,0,4,0,0,0,5,0,0,0,0,0,0,40,0,0,0,8,0,0,0,0,0,0,1,0,0,0,0,1,7,0,0,0,0,0,2,0,0,0,0,0,0,0,15,0,0,0,0,0,0,0,0
720575940621817046,0,0,3,0,0,0,0,0,0,0,0,0,0,0,2,0,0,0,0,0,0,0,0,0,0,0,0,0,0,0,0,0,0,7,0,0,8,45,0,0,0,0,0,0,0,0,0,0,0,0,0,0,0,0,0,16,0,0,1,0,0,0,0,0,0,0,10,0,1,0,0,0,20,0,0,0,0,0,0,24,0,0,0,0,0,0,0,0,5,0,0,0,0,0,31,0,7,0,0,0,0,0,0,3,10,1,10,0,0,0,169,0,0,10,0,0
720575940622331882,0,0,0,0,0,0,0,0,0,0,0,0,0,0,0,0,0,0,1,0,0,0,0,0,0,0,0,0,0,0,0,0,0,0,0,0,0,0,0,0,0,0,0,0,0,0,0,0,0,0,0,0,0,0,0,0,0,0,0,0,0,0,0,0,0,0,0,648,0,0,0,0,0,0,0,0,0,0,0,0,0,0,0,26,0,0,0,0,0,0,10,0,0,0,0,0,0,0,0,0,0,0,0,2,0,0,0,0,0,0,14,0,0,0,0,0
720575940623137741,0,0,0,0,0,21,0,0,0,0,0,11,0,0,0,0,9,0,45,0,0,5,0,0,0,42,0,0,0,0,0,0,0,0,0,2,0,0,0,0,0,5,0,0,0,7,0,0,0,0,0,1,13,0,0,0,1,0,0,0,34,6,0,1,0,0,0,0,0,0,0,0,0,0,0,0,4,0,0,0,18,0,0,0,3,0,0,0,0,0,0,0,0,0,0,0,0,0,0,1,0,0,0,0,0,0,0,5,0,0,0,0,0,0,0,0
720575940623237161,0,0,0,0,0,0,0,4,0,0,0,0,0,0,0,0,0,0,0,0,0,0,3,0,0,0,0,0,0,0,0,0,0,0,0,0,0,0,0,0,0,0,0,0,0,0,0,0,0,0,0,0,0,0,3,0,0,0,0,0,0,0,0,0,0,0,0,12,0,0,0,0,67,0,0,0,0,0,0,0,0,0,0,38,0,0,0,0,0,0,16,0,0,0,0,0,0,0,0,0,0,0,0,10,0,0,0,0,0,0,15,0,0,0,0,0
720575940623287228,0,0,0,1,0,0,0,0,0,10,0,0,0,0,0,0,0,0,9,0,3,5,0,0,0,59,0,0,0,0,0,6,0,0,0,0,0,0,0,0,0,29,0,0,0,14,0,0,0,0,0,0,8,0,0,0,0,0,0,0,3,0,0,41,25,0,0,0,0,2,0,0,0,0,0,0,0,0,0,0,0,0,10,0,0,0,5,1,0,1,0,7,0,0,0,0,0,0,0,0,0,0,0,0,0,0,0,0,0,0,0,0,0,0,0,0
720575940623307447,0,0,0,0,0,43,0,0,0,0,0,0,0,0,0,0,0,0,0,0,0,0,0,0,0,0,0,0,0,0,0,0,0,0,0,0,0,0,0,0,0,0,0,0,0,58,0,0,0,0,0,0,0,0,0,0,77,0,0,0,0,0,0,0,0,0,0,0,0,0,0,0,0,0,0,0,0,0,0,0,7,0,0,0,0,0,0,0,0,6,0,0,0,0,0,0,0,0,0,0,0,0,0,0,0,0,0,0,0,0,0,0,0,0,0,0
720575940623605943,0,0,0,0,0,1075,0,0,0,0,0,0,0,0,0,0,0,0,5,0,0,0,0,0,0,0,0,0,0,0,0,0,0,0,0,0,0,0,0,0,4,0,0,0,0,12,0,0,0,0,0,0,0,0,0,0,104,0,0,0,0,0,0,0,0,0,0,0,0,0,0,0,0,0,0,0,0,0,0,0,0,0,0,0,0,0,0,0,0,2,0,0,0,0,0,0,0,0,0,0,0,0,0,0,0,0,0,3,0,0,0,0,0,0,0,0
720575940623617973,0,0,0,0,0,0,0,0,0,0,0,0,0,0,0,0,0,0,0,0,0,0,0,0,0,0,0,0,0,0,0,0,0,0,0,0,0,0,0,0,0,0,0,0,0,0,0,0,0,0,0,0,0,0,2,0,0,0,0,0,0,0,0,0,0,0,0,116,0,0,0,0,36,0,0,0,0,0,0,0,0,0,0,119,0,0,0,0,0,0,39,0,0,0,0,0,0,0,0,0,1,21,0,58,0,0,0,0,0,0,40,0,0,0,0,0
720575940623673802,0,0,0,0,0,0,0,0,0,0,0,0,0,0,0,0,0,0,0,0,0,0,0,0,0,0,0,0,0,0,0,0,0,0,0,0,0,0,0,0,0,0,0,0,0,0,0,0,0,0,0,0,0,0,5,0,0,0,0,0,0,0,0,0,0,0,0,0,0,0,0,0,26,0,0,0,0,0,0,0,0,0,0,27,0,0,0,0,0,0,50,0,0,0,0,0,0,0,0,0,0,0,0,0,0,0,0,0,0,0,0,0,0,0,0,0
720575940623875819,0,0,0,0,0,144,0,0,0,116,0,153,0,0,0,0,6,1,89,0,33,7,0,0,0,57,0,0,3,0,0,4,0,0,0,18,0,0,0,0,18,70,0,0,0,348,0,10,28,0,0,0,126,0,0,0,119,0,0,0,35,223,0,57,0,96,0,0,0,0,0,0,0,1,0,0,2,21,0,0,762,11,176,0,3,0,18,11,0,6,0,4,0,0,0,0,0,0,0,1,0,0,0,0,0,0,0,37,0,0,0,0,0,0,0,0
720575940623913364,0,0,0,0,0,3,0,0,0,0,0,0,0,0,0,0,0,0,0,0,0,0,953,0,0,0,0,0,0,0,0,0,0,0,0,0,0,0,0,0,0,0,0,0,0,0,0,0,0,0,0,0,0,0,0,0,0,0,0,0,0,0,0,0,0,0,0,0,0,0,0,0,8,0,0,0,0,0,0,0,0,0,0,0,0,0,0,0,0,0,20,0,0,0,0,0,0,0,0,0,0,0,0,0,0,0,0,891,0,0,0,0,0,0,0,0
720575940624030819,0,0,0,0,0,0,0,0,0,0,0,0,0,0,0,0,0,0,0,0,0,0,0,0,0,0,0,0,0,0,0,0,0,0,0,0,0,0,0,0,0,0,0,0,0,0,0,0,0,0,0,0,0,0,0,0,0,0,0,0,0,0,0,0,0,0,0,11,0,0,0,0,4,0,0,0,0,0,0,0,0,0,0,0,0,0,0,0,0,0,1,0,0,0,0,0,0,0,0,0,0,0,0,8,0,0,0,0,0,0,45,0,0,0,0,0
720575940624083484,0,0,0,0,0,0,0,0,0,0,0,0,0,0,0,0,0,0,0,0,0,0,0,0,0,0,0,0,0,0,0,0,0,0,0,0,0,0,0,0,0,0,0,0,0,0,0,0,0,0,0,0,0,0,0,0,0,0,0,0,0,0,0,0,0,0,0,1,0,0,0,0,0,0,0,0,0,0,0,0,0,0,0,0,0,0,0,0,0,0,0,0,0,0,0,0,0,0,0,0,0,1,0,10,0,0,0,0,0,0,64,0,0,0,0,0
720575940624770791,0,0,0,0,0,11,0,0,0,0,0,0,0,0,0,0,0,0,3,0,0,0,0,0,0,1,0,0,0,0,0,0,0,0,0,0,0,0,0,0,37,0,0,0,0,296,0,0,0,0,0,0,0,0,16,0,276,0,0,0,0,0,0,0,0,0,0,42,0,0,0,0,230,0,0,0,0,0,0,0,10,0,0,186,0,0,0,0,0,0,0,0,0,0,0,0,0,0,0,0,0,0,0,0,0,0,0,10,0,0,3,0,0,0,0,0
720575940624879911,0,25,4,0,0,0,8,0,5,0,0,0,0,0,0,4,0,0,354,0,0,10,29,0,0,183,3,81,0,0,0,0,16,45,0,16,38,45,0,0,0,0,0,16,0,51,2,0,0,17,0,3,0,0,0,33,0,0,1,0,8,0,29,0,23,0,0,6,4,0,0,0,176,0,0,0,0,0,34,7,0,0,33,0,0,8,0,0,27,1,3,1,0,0,8,0,0,0,2,0,12,48,0,539,0,17,11,3,0,0,1055,0,27,0,0,0
720575940625007949,0,0,0,0,0,0,0,0,0,0,0,0,0,0,0,0,0,0,0,0,0,0,0,0,0,43,0,0,0,0,0,0,0,0,0,0,0,0,0,0,290,0,0,0,0,1,0,0,0,0,0,0,0,0,0,0,4,0,0,0,0,0,0,0,0,0,0,0,0,0,0,0,0,0,0,0,0,0,0,0,0,0,0,0,0,0,0,0,0,0,0,0,0,0,0,0,0,0,0,0,0,0,0,0,0,0,0,0,0,0,0,0,0,0,0,0
720575940625022270,0,5,2,0,2,0,2,0,0,0,0,0,0,0,0,0,0,0,0,0,0,0,0,0,0,0,0,0,0,0,0,0,0,5,1,0,14,0,0,0,0,0,0,1,0,0,0,0,0,0,0,0,0,0,0,31,0,0,2,0,0,0,0,0,0,0,5,0,2,0,0,0,13,0,0,1,0,0,0,40,0,0,0,0,0,0,0,0,7,0,0,0,0,0,13,0,0,0,0,0,0,0,0,0,0,12,4,0,0,0,119,0,0,0,0,0
720575940625176094,0,0,0,0,0,0,0,0,0,0,0,0,0,0,0,0,0,0,24,0,0,0,0,0,0,52,0,0,0,0,0,0,0,0,0,0,0,0,0,0,11,0,0,0,0,0,0,0,0,0,0,0,0,0,0,0,0,0,0,0,0,0,0,0,0,0,0,0,0,0,0,0,0,0,0,0,0,0,0,0,0,0,0,0,0,0,0,0,0,0,0,0,0,0,0,0,0,0,0,0,0,0,0,0,0,0,0,0,0,0,0,0,0,0,0,0
720575940625627023,0,0,0,0,0,0,0,0,0,0,0,0,0,0,0,0,4,0,55,0,0,0,0,0,0,65,0,0,0,0,0,0,0,0,0,0,0,0,0,0,22,0,0,0,0,0,0,0,0,0,0,0,0,0,0,0,0,0,0,0,3,0,0,0,2,0,0,0,0,0,0,0,0,0,0,0,0,0,0,0,0,0,0,0,0,0,0,0,0,0,0,0,0,0,0,0,0,0,0,0,0,0,0,0,0,0,0,0,0,0,0,0,1,0,0,0
720575940625784153,0,0,0,0,0,0,0,0,0,0,0,0,0,0,0,0,0,0,0,0,0,0,0,0,0,0,0,0,0,0,0,0,0,0,0,0,0,0,0,0,0,0,0,0,0,0,0,0,0,0,0,0,0,0,0,0,0,0,0,22,0,0,0,0,0,0,0,0,0,1180,0,0,0,6,0,0,0,0,0,0,0,0,0,0,0,0,6,0,0,0,0,0,0,0,0,0,0,0,0,0,0,0,0,0,0,0,0,0,0,0,0,8,0,0,0,0
720575940625819138,0,0,0,0,0,19,0,0,0,4,0,0,0,0,0,0,5,0,39,0,0,5,0,0,0,21,0,0,0,0,0,0,0,0,0,3,0,0,0,0,1,1,0,0,0,15,0,0,0,0,0,5,7,0,0,0,1,0,0,0,11,0,0,0,0,0,0,0,0,0,0,0,0,0,0,0,0,0,0,0,4,0,0,0,0,0,0,0,0,0,0,0,0,0,0,0,0,0,0,1,0,0,0,0,0,0,0,6,0,0,0,0,0,0,0,0
720575940625879537,0,0,0,0,0,0,0,0,0,0,0,0,0,0,0,0,0,0,0,0,0,0,0,0,0,0,0,0,0,0,0,0,0,0,0,0,1,3,0,0,0,0,0,0,0,0,0,0,0,0,0,0,0,0,0,0,0,0,0,0,0,0,0,0,0,0,0,1,3,0,0,0,8,0,16,0,0,0,0,1,0,0,0,0,0,0,0,0,0,0,2,0,0,0,0,0,0,0,0,0,0,0,0,3,0,0,0,0,0,0,72,0,0,0,0,0
720575940626043218,0,0,0,0,0,0,0,0,0,0,0,0,0,0,0,0,0,0,0,0,0,0,0,0,0,0,0,1,0,0,0,0,0,0,0,0,0,0,0,0,0,0,0,0,0,0,0,0,0,0,0,0,0,0,0,0,0,0,0,0,0,0,0,0,0,0,0,8,0,0,0,0,0,0,0,0,0,0,0,0,0,0,0,4,0,0,0,0,0,0,14,0,0,0,0,0,0,0,0,0,0,8,0,633,0,0,0,0,0,0,6,0,0,0,0,0
720575940626143806,0,0,0,0,0,1,0,0,0,0,0,0,0,0,0,0,0,0,0,0,0,0,0,0,0,0,0,0,0,0,0,0,0,0,0,0,0,0,0,0,0,0,0,0,0,89,0,0,0,0,0,0,0,0,1269,0,34,0,0,0,0,0,0,0,0,0,0,0,0,0,0,0,45,0,0,0,0,0,0,0,1859,0,0,8,0,0,0,0,0,1,4,0,0,0,0,0,0,0,0,0,0,0,0,0,0,0,0,0,0,0,0,0,0,0,0,0
720575940626650776,0,0,0,0,105,112,0,0,0,0,0,0,0,0,0,0,0,0,0,0,0,0,0,0,0,0,0,0,0,0,0,0,0,0,0,0,0,0,0,0,0,0,0,0,0,10,0,0,0,0,0,0,0,0,0,0,3,0,0,0,0,0,0,0,0,0,0,27,0,0,0,0,28,0,0,0,0,0,0,0,1,0,0,9,0,0,0,0,0,105,296,0,0,0,0,0,0,0,0,0,0,0,0,0,0,0,0,0,0,0,0,0,0,0,0,0
720575940626675837,0,0,0,0,0,0,0,0,0,0,0,0,0,0,0,0,0,0,0,0,0,0,0,0,0,0,0,416,0,0,0,0,0,0,0,0,0,0,0,0,0,0,0,0,0,0,0,0,0,0,0,0,0,0,0,0,0,0,0,0,0,0,0,0,0,0,0,118,0,0,0,0,0,0,0,0,0,0,0,0,0,0,0,0,0,0,0,0,0,0,0,0,0,0,0,0,0,0,0,0,0,161,0,576,0,0,0,0,0,0,728,0,0,0,0,0
720575940626682682,0,0,0,0,14,0,0,0,0,0,0,0,0,0,0,0,0,0,0,0,0,0,0,0,0,0,0,0,0,0,0,0,0,0,0,0,0,0,0,0,0,0,0,0,0,0,0,0,0,0,0,0,0,0,6,0,0,0,0,0,0,0,0,0,0,0,0,17,0,0,0,0,6,0,0,0,0,0,0,0,0,0,0,20,0,0,0,0,0,0,168,0,0,0,0,0,0,0,0,0,0,15,0,1,0,0,0,0,0,0,8,0,0,0,0,0
720575940626991147,0,0,0,0,0,0,0,0,0,0,0,0,0,0,0,0,0,0,0,0,0,0,0,0,0,0,0,0,0,0,0,0,0,0,0,0,0,0,0,0,0,0,0,0,0,0,0,0,0,0,0,0,0,0,27,0,0,0,0,0,0,0,0,0,0,0,0,47,0,0,0,0,26,0,0,0,0,0,0,0,0,0,0,640,0,0,0,0,0,0,15,0,0,0,0,0,0,0,0,0,0,0,0,0,0,0,0,0,0,0,2,0,0,0,0,0
720575940627245585,0,0,0,0,0,0,0,0,0,0,0,0,0,0,0,0,0,0,575,0,0,0,0,0,0,5,0,0,0,0,0,0,0,0,0,0,0,0,0,0,9,0,0,0,0,0,0,0,0,0,0,0,0,0,0,0,1,0,0,0,0,0,0,0,0,0,0,0,0,0,0,0,0,0,0,0,0,0,0,0,0,0,0,0,0,0,0,0,0,0,0,0,0,0,0,0,0,0,0,0,0,0,0,0,0,0,0,0,0,0,0,0,0,0,0,0
720575940627265274,0,0,0,0,103,152,0,0,0,0,0,0,0,0,0,0,0,0,0,0,0,0,1,0,0,0,0,0,0,0,0,0,0,0,0,0,0,0,0,0,15,0,0,0,0,2,0,0,0,0,0,0,0,0,0,0,7,0,0,0,0,0,0,0,0,0,0,4,0,0,0,0,0,0,0,0,0,0,0,0,0,0,0,6,4,0,0,0,0,157,124,0,0,0,0,0,0,0,0,0,0,0,0,0,0,0,0,0,0,0,0,0,0,0,0,0
720575940628024107,0,0,0,0,0,46,0,0,0,0,0,0,0,0,0,0,0,0,0,0,0,0,0,0,0,0,0,0,0,0,0,0,0,0,0,0,0,0,0,0,5,0,0,0,0,5,0,0,0,0,0,0,0,0,0,0,8,0,0,0,0,0,0,0,0,0,0,0,0,0,0,0,0,0,0,0,0,0,0,0,0,0,0,0,0,0,0,0,0,0,0,0,0,0,0,0,0,0,0,0,0,0,0,0,0,0,0,0,0,0,0,0,0,0,0,0
720575940628338028,0,0,0,0,0,2,0,0,0,0,0,0,0,0,0,0,0,0,73,0,0,0,1,0,0,188,0,3,0,0,0,0,0,0,0,0,0,0,0,0,271,0,0,0,0,8,0,0,0,0,0,0,0,0,1,0,14,0,0,0,0,0,0,0,0,0,0,247,0,0,0,0,7,0,0,0,0,0,0,0,0,0,0,6,0,0,0,0,0,0,0,0,0,0,0,0,0,0,0,0,0,0,0,37,0,0,0,1,0,0,223,0,0,0,0,0
720575940628346194,0,0,0,0,0,0,0,0,0,0,0,0,0,0,0,0,2,0,22,0,0,0,0,0,0,65,0,0,0,0,0,0,0,0,0,0,0,0,0,0,13,0,0,0,0,3,0,0,0,0,0,0,0,0,0,0,0,0,0,0,0,0,0,0,0,0,0,0,0,0,0,0,0,0,0,0,0,0,0,0,0,0,0,0,0,0,0,0,0,0,0,0,0,0,0,0,0,0,0,0,0,0,0,0,0,0,0,0,0,0,0,0,0,0,0,0
720575940628514647,0,0,0,0,0,18,0,0,0,0,0,0,0,0,0,0,0,0,2,0,0,0,9,0,0,0,0,0,0,0,0,0,6,0,0,0,0,0,0,0,0,0,0,0,0,0,0,0,0,0,0,0,0,0,3,0,5,0,0,0,0,0,0,0,0,0,0,18,0,0,0,0,1,0,0,0,0,0,1,0,0,0,0,1,0,0,0,0,0,0,31,0,0,0,0,0,0,0,0,0,0,9,0,26,0,0,0,0,0,0,10,0,0,0,0,0
720575940628954112,0,0,0,1,0,0,0,0,0,5,0,0,0,0,0,0,0,0,23,0,0,6,0,0,0,132,0,0,0,0,0,0,0,0,0,0,0,0,0,0,0,8,0,0,0,54,0,0,0,0,0,0,4,0,0,0,0,0,0,0,2,0,0,16,13,7,0,0,0,2,0,0,0,6,0,0,0,0,0,0,0,0,4,0,0,0,2,1,0,5,0,2,0,2,0,0,0,0,0,0,0,0,0,0,0,0,0,61,0,0,0,2,0,0,0,0
720575940629011655,0,0,0,0,0,0,0,0,0,0,0,0,0,0,0,0,0,0,2,0,0,0,839,0,0,0,0,0,0,0,0,0,0,0,0,0,0,0,0,0,0,0,0,0,0,10,0,0,0,0,0,0,0,0,0,0,3,0,0,0,0,0,0,0,0,0,0,0,0,0,0,0,1,0,0,0,0,0,0,0,0,0,0,0,0,0,0,0,0,0,4,0,0,0,0,0,0,0,0,0,0,0,0,0,0,0,0,935,0,0,0,0,0,0,0,0
720575940629752219,0,0,0,0,3,0,0,8,0,0,0,0,0,0,0,0,0,0,0,0,0,0,13,0,0,0,0,0,0,0,0,0,0,0,0,0,0,0,0,0,0,0,0,0,0,0,0,0,0,0,0,0,0,0,5,0,0,0,0,0,0,0,0,0,0,0,0,6,0,0,0,0,6,0,0,0,0,0,4,0,0,0,0,12,0,0,0,0,0,0,198,0,0,0,0,0,0,0,0,0,0,13,0,1,0,0,0,0,0,0,17,0,0,0,0,0
720575940630275269,0,0,0,0,0,6,0,0,0,0,0,0,0,0,0,0,0,0,0,0,0,0,0,0,0,0,0,0,0,0,0,0,0,0,0,0,0,0,0,0,177,0,0,0,0,0,0,0,0,0,0,0,0,0,0,0,3,0,0,0,0,0,0,0,0,0,0,140,0,0,0,0,0,0,0,0,0,0,0,0,0,0,0,2,0,0,0,0,0,0,5,0,0,0,0,0,0,0,0,0,0,0,0,6,0,0,0,0,0,0,0,0,0,0,0,0
720575940630432815,0,0,0,0,0,0,0,0,0,0,0,0,0,0,0,0,0,0,53,0,0,0,0,0,0,36,0,0,0,0,0,0,0,0,0,0,0,0,0,0,6,0,0,0,0,0,0,0,0,0,0,0,1,0,0,0,0,0,0,0,42,0,0,0,0,0,0,0,0,0,0,0,0,0,0,0,0,0,0,0,0,0,0,0,0,0,0,0,0,0,0,0,0,0,0,0,0,0,0,0,0,0,0,0,0,0,0,0,0,0,0,0,0,0,0,0
720575940630546540,0,0,0,0,19,0,0,0,0,0,0,0,0,0,0,0,0,0,1,0,0,0,0,0,0,0,0,0,0,0,0,0,0,0,0,0,0,0,0,0,0,0,0,0,0,27,0,0,0,0,12,0,0,0,1275,0,27,0,0,0,0,0,0,0,0,0,0,0,0,0,0,0,23,0,0,0,0,4,0,0,1631,0,0,12,0,0,0,0,0,0,10,0,0,0,0,0,0,0,0,0,0,0,0,0,0,0,0,0,0,0,0,0,0,0,0,0
720575940630584079,0,0,0,0,0,0,0,0,0,0,0,0,0,0,0,0,46,0,23,0,0,0,0,0,0,35,0,0,0,0,0,0,0,0,0,0,0,0,0,0,5,0,0,0,0,0,0,0,0,0,0,0,1,0,0,0,0,0,0,0,2,0,0,0,0,0,0,0,0,0,0,0,0,0,0,0,0,0,0,0,0,0,0,0,0,0,0,0,0,0,0,0,0,0,0,0,0,0,0,0,0,0,0,0,0,0,0,0,0,0,0,0,44,0,0,0
720575940631274770,0,0,0,0,5,70,0,0,0,0,4,0,0,0,0,0,1,0,35,0,0,19,0,0,0,61,0,0,0,0,0,1,0,0,0,0,0,0,0,0,5,5,0,0,0,71,0,0,0,0,0,0,12,0,0,0,6,0,0,0,6,0,0,14,0,1,0,0,0,0,0,3,4,0,0,0,2,7,0,0,7,0,1,0,3,0,0,2,0,14,13,14,0,0,0,0,0,0,0,4,0,0,0,3,0,0,0,4,0,0,5,0,0,0,0,0
720575940631347011,0,0,0,0,0,3,0,0,0,0,0,0,0,0,0,0,0,0,0,0,0,0,22,0,0,0,0,0,0,0,0,0,0,0,0,0,0,0,0,0,0,0,0,0,0,0,0,0,0,0,0,0,0,0,4,0,0,0,0,0,0,0,0,0,0,0,0,16,0,0,0,0,29,0,0,0,0,0,0,0,0,0,0,28,0,0,0,0,0,0,1100,0,0,0,0,0,0,0,0,0,0,0,0,10,0,0,0,0,0,0,0,0,0,0,0,0
720575940631469964,0,0,2,0,16,0,2,0,0,0,0,0,0,0,2,0,0,0,0,0,0,0,47,0,0,0,0,0,0,0,0,0,0,12,0,0,15,12,20,0,0,0,0,0,0,0,0,0,0,0,1,0,0,0,0,1,0,3,0,0,0,0,9,0,0,0,7,0,0,0,0,0,55,0,0,9,0,0,5,6,0,0,0,0,0,0,0,0,2,0,1,0,0,0,18,0,2,0,0,0,0,0,4,12,4,0,11,0,0,0,111,0,0,0,0,0
720575940631801671,0,2,0,0,12,0,15,0,0,0,0,0,0,0,1,0,0,0,0,0,0,0,6,0,0,0,0,0,0,0,0,0,0,22,49,0,11,6,0,0,0,0,0,7,0,0,0,0,0,0,0,0,0,0,105,7,0,0,1,0,0,0,21,0,0,0,0,5,14,0,0,0,262,0,46,8,0,0,0,36,0,0,0,14,0,0,0,0,1,0,27,0,0,0,8,0,43,0,0,0,0,31,11,33,0,0,0,0,0,0,370,0,0,0,0,0
720575940632128908,0,0,0,0,0,95,0,0,0,0,0,0,0,0,0,0,0,0,0,0,0,0,0,0,0,0,0,0,0,0,0,0,0,0,0,0,0,0,0,0,0,0,0,0,0,21,0,0,0,0,0,0,0,0,0,0,34,0,0,0,0,0,0,0,0,0,0,0,0,0,0,0,0,0,0,0,0,0,0,0,3,0,0,0,0,0,0,0,0,2,0,0,0,0,0,0,0,0,0,0,0,0,0,0,0,0,0,0,0,0,0,0,0,0,0,0
720575940633074145,0,0,0,0,0,8,0,0,0,0,0,0,0,0,0,0,7,0,1,0,0,0,0,0,0,13,0,0,0,0,0,0,0,0,0,0,0,0,0,0,1099,0,0,0,0,0,0,0,0,0,0,0,0,0,0,0,58,0,0,0,0,0,0,0,0,0,0,0,0,0,0,0,0,0,0,0,0,0,0,0,0,0,0,0,0,0,0,0,0,0,0,0,0,0,0,0,0,0,0,0,0,0,0,0,0,0,0,0,0,0,0,0,0,0,0,0
720575940633356883,0,0,0,0,0,7,0,0,0,0,0,0,0,0,0,0,0,0,3,0,0,0,0,0,0,9,0,0,0,0,0,0,0,0,0,0,0,0,0,0,10,0,0,0,0,53,0,0,0,0,0,0,0,0,0,0,22,0,0,0,0,0,0,0,0,0,0,0,0,0,0,0,0,0,0,0,0,0,0,0,1,0,0,0,0,0,0,0,0,0,0,0,0,0,0,0,0,0,0,0,0,0,0,0,0,0,0,0,0,0,0,0,0,0,0,0
720575940633552028,0,0,0,0,0,53,0,0,0,0,0,0,0,0,0,0,0,0,2,0,0,0,0,0,0,0,0,0,0,0,0,0,0,0,0,0,0,0,0,0,2,0,0,0,0,43,0,0,0,0,0,0,0,0,0,0,28,0,0,0,0,0,0,0,0,0,0,0,0,0,0,0,0,0,0,0,0,0,0,0,8,0,0,0,0,0,0,0,0,0,0,0,0,0,0,0,0,0,0,0,0,0,0,0,0,0,0,5,0,0,0,0,0,0,0,0
720575940634035863,0,0,0,0,0,0,0,2,0,0,0,0,0,0,0,0,0,0,0,0,0,0,3,0,0,0,0,0,0,0,0,0,0,0,0,0,0,0,0,0,0,0,0,0,0,0,0,0,0,0,0,0,0,0,33,0,0,0,0,0,0,0,0,0,0,0,0,45,0,0,0,0,2,0,0,0,0,0,0,0,0,0,0,87,0,0,0,0,0,0,18,0,0,0,0,0,0,0,0,0,0,11,0,0,0,0,0,0,0,0,20,0,0,0,0,0
720575940635066975,0,0,0,0,0,0,0,0,0,0,0,0,0,0,0,0,0,0,0,0,0,0,8,0,0,0,0,0,0,0,0,0,0,0,0,0,0,0,0,0,0,0,0,0,0,0,0,0,0,0,0,0,0,0,19,0,0,0,0,0,0,0,0,0,0,0,0,0,0,0,0,0,1571,0,0,0,0,0,0,0,0,0,0,63,0,0,0,0,0,0,10,0,0,0,0,0,0,0,0,0,0,0,0,0,0,0,0,0,0,0,13,0,0,0,0,0
720575940635838606,0,3,7,0,0,0,2,0,0,0,0,0,0,0,0,0,0,0,0,0,0,0,0,0,0,0,2,0,0,0,0,0,0,5,5,0,6,13,0,0,0,0,0,0,0,0,0,0,0,0,0,0,0,0,0,18,0,0,0,0,0,0,0,0,0,0,0,0,3,0,0,0,5,0,0,0,0,0,0,6,0,0,0,0,0,0,0,0,9,0,0,0,0,0,8,0,0,0,0,0,0,0,0,0,2,2,0,0,0,0,98,0,0,1,0,3
720575940636167280,0,8,0,0,17,0,0,3,11,0,0,0,0,0,1,0,0,0,0,0,0,0,40,0,0,0,0,2,0,0,0,0,0,0,1,0,12,0,0,0,0,0,0,1,0,0,0,0,0,11,0,0,0,0,14,0,0,2,0,0,0,0,11,0,0,0,0,111,0,0,0,0,32,0,0,0,0,0,0,1,0,0,0,178,0,0,0,0,0,0,326,0,0,0,0,0,0,0,5,0,5,30,0,54,0,0,0,0,0,0,62,0,0,0,0,0
720575940636401776,0,0,0,0,0,0,0,0,0,0,0,0,0,0,0,0,0,0,0,0,0,0,2,0,0,0,0,14,0,0,0,0,0,0,0,0,0,0,0,0,0,0,0,0,0,0,0,0,0,0,0,0,0,0,0,0,0,0,0,0,0,0,0,0,0,0,0,0,0,0,0,0,0,0,0,0,0,0,0,0,0,0,0,0,0,0,0,0,0,0,0,0,0,0,0,0,0,0,0,0,0,6,0,13,0,0,0,0,0,0,91,0,0,0,0,0
720575940637185252,0,0,0,0,11,0,0,0,0,0,0,0,0,0,0,0,0,0,0,0,0,0,4,0,0,0,0,0,0,0,0,0,0,0,0,0,0,0,0,0,0,0,0,0,0,0,0,0,0,0,0,0,0,0,0,0,0,0,0,0,0,0,0,0,0,0,0,0,0,0,0,0,38,0,0,0,0,0,0,0,0,0,0,19,0,0,0,0,0,0,129,0,0,0,0,0,0,0,0,0,0,0,0,2,0,0,0,0,0,0,4,0,0,0,0,0
720575940637449023,0,0,0,0,0,0,0,0,0,0,0,0,0,0,0,0,0,0,0,0,0,0,0,0,0,0,0,0,0,0,0,0,0,0,0,0,0,0,0,0,0,0,0,0,0,0,0,0,0,0,0,0,0,0,0,0,0,0,0,0,0,0,0,0,0,0,0,1001,0,0,0,0,3,0,0,0,0,0,0,0,0,0,0,67,0,0,0,0,0,0,0,0,0,0,0,0,0,0,0,0,0,7,0,5,0,0,0,0,0,0,19,0,0,0,0,0
720575940637712243,0,0,0,0,0,121,0,2,0,0,0,0,0,0,0,0,76,0,347,0,0,0,2,0,0,11,0,0,0,0,0,0,0,0,0,0,0,0,0,0,83,0,0,0,0,3,0,0,0,0,0,0,0,0,5,0,138,0,0,0,0,0,0,0,0,0,0,31,0,0,0,0,0,0,0,0,4,0,0,0,21,0,0,37,0,0,0,0,0,0,137,0,0,0,0,0,0,0,0,0,0,30,0,159,0,0,0,0,0,0,1,0,2,0,0,0
720575940638149744,0,0,0,0,0,2,0,0,0,0,0,0,0,0,0,0,0,0,4,0,0,0,0,0,0,2,0,0,0,0,0,0,0,0,0,0,0,0,0,0,8,0,0,0,0,64,0,0,0,0,0,0,0,0,0,0,27,0,0,0,0,0,0,0,0,0,0,0,0,0,0,0,0,0,0,0,0,0,0,0,0,0,0,0,0,0,0,0,0,0,0,0,0,0,0,0,0,0,0,0,0,0,0,0,0,0,0,1,0,0,0,0,0,0,0,0
720575940638288447,0,0,0,60,0,31,0,0,0,0,9,0,0,4,0,15,33,0,10,1,0,0,0,0,0,32,0,0,0,302,1,47,0,0,0,0,0,0,0,0,278,0,0,0,0,2,0,0,0,0,0,0,0,0,0,0,94,0,0,14,0,0,0,0,0,0,0,0,0,6,0,0,0,5,0,0,287,0,0,0,3,0,20,0,0,0,2,16,0,0,0,7,0,3,0,0,0,0,0,0,0,0,0,0,0,0,0,9,0,0,0,0,22,0,0,0
720575940638778165,2,0,0,2,0,0,0,0,0,0,0,7,0,0,0,0,0,0,7,0,6,0,0,0,0,104,0,0,0,0,0,0,0,0,0,0,0,0,0,0,0,1,0,0,0,42,0,0,0,0,0,1,1,0,0,0,0,0,0,0,32,0,0,54,23,12,0,0,0,0,0,0,0,0,0,0,3,0,0,0,0,0,13,0,0,0,0,1,0,0,0,0,0,0,0,0,0,0,0,1,0,0,0,0,0,0,0,4,0,0,0,0,0,0,0,0
720575940639202467,0,0,0,0,0,0,0,0,0,0,0,0,0,0,0,0,0,0,0,0,0,0,0,0,0,0,0,0,0,0,0,0,0,0,0,0,0,0,0,0,0,0,0,0,0,0,0,0,0,0,0,0,0,0,1,0,0,0,0,0,0,0,0,0,0,0,0,0,0,0,0,0,37,0,0,0,0,0,0,0,0,0,0,42,0,0,0,0,0,0,22,0,0,0,0,0,0,0,0,0,0,0,0,0,0,0,0,0,0,0,5,0,0,0,0,0
720575940639594611,0,0,0,0,0,0,0,0,0,0,0,0,0,0,0,0,0,0,11,0,0,0,0,0,0,56,0,0,0,0,0,0,0,0,0,0,0,0,0,0,0,2,0,0,0,32,0,3,0,0,0,0,0,0,0,0,0,0,0,0,0,0,0,6,0,0,0,0,0,0,0,0,0,0,0,0,0,0,0,0,0,0,0,0,0,0,0,0,0,0,0,0,0,0,0,0,0,0,0,0,0,0,0,0,0,0,0,0,0,0,0,0,1,0,0,0
720575940640477603,0,0,0,0,0,0,0,0,0,0,0,0,0,0,0,0,0,0,0,0,0,0,11,0,0,0,0,3,0,0,0,0,0,0,0,0,0,0,0,0,0,0,0,0,0,0,0,0,0,0,0,0,0,0,0,0,0,0,0,0,0,0,2,0,0,0,0,0,0,0,0,0,16,0,0,0,0,0,2,0,0,0,0,0,0,0,0,0,0,0,8,0,0,0,1,0,0,0,0,0,0,0,0,22,0,0,0,0,0,0,94,0,0,0,0,0
720575940644238871,0,0,0,0,0,0,0,0,0,7,0,0,0,0,0,0,0,0,16,0,0,0,0,0,0,129,0,0,0,0,0,0,0,0,0,2,0,0,0,4,0,19,0,0,0,41,0,0,0,0,0,2,7,0,0,0,0,0,0,0,11,1,0,72,27,0,0,0,0,1,0,0,0,0,0,0,1,1,0,0,0,3,0,0,0,0,0,0,0,0,0,2,0,0,0,0,0,0,0,2,0,0,0,0,0,0,0,1,0,0,0,0,0,0,0,0
720575940646661252,0,0,1,0,1,0,0,0,0,0,0,0,0,0,1,0,0,0,0,0,0,0,2,0,0,0,0,0,0,0,0,0,0,14,0,0,26,43,20,0,0,0,0,0,0,0,0,0,0,0,0,0,0,0,0,3,0,0,1,0,0,0,9,0,0,0,0,0,0,0,0,0,24,0,0,0,0,0,9,12,0,0,0,0,0,0,0,0,4,0,0,0,0,0,8,0,8,0,0,0,0,0,0,0,1,0,8,0,0,0,231,0,0,0,0,0
720575940648206468,0,0,0,0,0,0,0,0,0,0,0,0,0,0,0,0,0,0,0,0,0,0,10,0,0,0,0,0,0,0,0,0,0,0,0,0,0,0,0,0,0,0,0,0,0,0,0,0,0,0,0,0,0,0,10,0,0,0,0,0,0,0,0,0,0,0,0,1,0,0,0,0,42,0,0,0,0,0,0,0,0,0,0,20,0,0,0,0,0,0,80,0,0,0,0,0,0,0,0,0,0,0,0,0,0,0,0,0,0,0,1,0,0,0,0,0
720575940659611777,0,0,0,0,0,0,0,0,0,0,0,0,0,0,0,0,144,0,1227,0,0,0,0,0,0,777,0,0,0,0,0,0,0,0,0,0,0,0,0,0,216,0,0,0,0,22,0,0,0,0,0,1,0,0,0,0,5,0,0,0,0,0,0,0,0,0,0,0,0,0,0,0,0,0,0,0,0,0,0,0,62,0,0,0,0,0,0,0,0,0,0,0,0,0,0,0,0,0,0,0,0,0,0,0,0,0,0,0,0,0,0,0,306,0,0,0