pre_pt_root_id,id,post_pt_root_id,connection_score,cleft_score,gaba,ach,glut,oct,ser,da,post_pt_position_x,post_pt_position_y,post_pt_position_z,pre_pt_position_x,pre_pt_position_y,pre_pt_position_z,DA1_L,DA1_R,DA2_L,DA2_R,DA3_L,DA3_R,DA4l_L,DA4l_R,DA4m_L,DA4m_R,DC1_L,DC1_R,DC2_L,DC2_R,DC3_L,DC3_R,DC4_L,DC4_R,DL1_L,DL1_R,DL2d_L,DL2d_R,DL2v_L,DL2v_R,DL3_L,DL3_R,DL4_L,DL4_R,DL5_L,DL5_R,DM1_L,DM1_R,DM2_L,DM2_R,DM3_L,DM3_R,DM4_L,DM4_R,DM5_L,DM5_R,DM6_L,DM6_R,DP1l_L,DP1l_R,DP1m_L,DP1m_R,D_L,D_R,VA1d_L,VA1d_R,VA1v_L,VA1v_R,VA2_L,VA2_R,VA3_L,VA3_R,VA4_L,VA4_R,VA5_L,VA5_R,VA6_L,VA6_R,VA7l_L,VA7l_R,VA7m_L,VA7m_R,VC1_L,VC1_R,VC2_L,VC2_R,VC3_L,VC3_R,VC4_L,VC4_R,VC5_L,VC5_R,VL1_L,VL1_R,VL2a_L,VL2a_R,VL2p_L,VL2p_R,VM1_L,VM1_R,VM2_L,VM2_R,VM3_L,VM3_R,VM4_L,VM4_R,VM5d_L,VM5d_R,VM5v_L,VM5v_R,VM6_L,VM6_R,VM7d_L,VM7d_R,VM7v_L,VM7v_R,VP1d_L,VP1d_R,VP1l_L,VP1l_R,VP1m_L,VP1m_R,VP2_L,VP2_R,VP3_L,VP3_R,VP4_L,VP4_R,VP5_L,VP5_R,V_L,V_R
720575940604931249,63224093486,6917529141866091948,135400.26173257828,79581,42.68875900901093,390.0233318157261,24.867121477991798,8.92502390208155,118.0606201113726,39.43514255492118,288857364,157197656,47724560,288865176,157202368,47727840,0,0,0,0,0,0,0,0,0,0,0,0,0,0,0,0,0,0,0,0,0,0,0,0,0,0,0,0,0,0,0,0,0,0,0,0,0,0,0,0,0,0,0,0,0,0,0,0,0,0,0,0,0,0,0,0,0,0,0,0,0,0,0,0,0,0,0,0,0,0,0,0,0,0,0,0,0,0,0,0,0,0,0,0,0,0,0,0,0,0,0,0,0,0,0,0,0,0,0,0,0,0,0,350,0,0,0,0,0,123,0,60,0,0,0,0
720575940605078560,557874314,6485183465644193426,1517.7237997055056,1076,1.048626997579959,2.4413460189753105,4.070089961984193,0.0007193156880556962,0.2246203081341651,1.2145972987419504,5109984,2300312,672160,5110392,2299548,672320,0,0,0,0,0,0,0,0,0,0,0,0,0,0,0,0,0,0,0,0,0,0,0,0,0,0,0,0,0,0,0,0,0,0,0,0,0,0,0,0,0,0,0,0,0,0,0,0,0,0,0,0,0,0,0,0,0,0,0,0,0,0,0,0,0,0,0,0,0,0,0,0,0,0,0,0,0,0,0,0,0,0,0,0,0,0,0,0,0,0,0,0,0,0,0,0,0,0,0,0,0,0,0,0,0,0,2,1,2,0,1,0,2,0,0,0
720575940605264305,90722619832,6917529231745595381,212356.34441089633,131897,37.71751353454781,872.391945019619,6.23572141298542,3.6766092748825843,57.82177305994717,30.156441766351097,470766332,246531776,64464520,470761608,246524060,64468800,0,0,0,0,0,0,0,0,0,0,0,0,0,0,0,0,0,0,0,18,0,0,0,4,0,0,0,0,0,0,0,0,0,0,0,0,0,0,0,0,0,0,0,0,0,0,0,0,0,0,0,0,0,0,0,0,0,0,0,0,0,0,0,7,0,0,0,0,0,0,0,0,0,0,0,0,0,0,0,0,0,0,0,0,0,0,0,0,0,0,0,0,0,0,0,0,0,0,0,0,0,195,0,323,0,14,0,0,0,0,0,4,0,0,0,0
720575940605758142,67715830132,-2161727664839403173,123553.5132007599,87195,335.3850289560987,83.36208161430247,9.702105876718843,0.5612008728560418,144.69039450265842,60.299188280988844,370389004,165096864,40814080,370389192,165092368,40815480,0,0,0,0,0,0,0,0,0,0,0,0,0,0,1,0,0,0,0,0,0,0,1,0,0,0,0,0,0,0,0,0,0,0,0,0,0,0,0,0,0,0,0,0,0,0,0,0,0,0,0,0,0,0,0,0,0,0,0,0,0,0,0,0,0,0,1,0,0,0,0,0,0,0,0,0,0,0,0,0,0,0,0,0,0,0,0,0,0,0,0,0,0,0,0,0,0,0,0,0,22,0,151,0,111,0,58,0,56,0,113,0,20,0,0,0
720575940606385440,1319769605,-7638104964413792761,2752.706352233888,2267,8.167497646296399,5.052135629230179,0.10749355336611166,0.0007526267808804273,1.5748089324160897,0.09731190693128099,8595996,4141848,992960,8596720,4142056,992880,0,0,0,0,0,0,0,0,0,0,0,0,0,0,0,0,0,0,0,0,0,0,0,0,0,0,0,0,0,0,0,0,0,0,0,0,0,0,0,0,0,0,0,0,0,0,0,0,0,0,0,0,0,0,0,0,0,0,0,0,0,0,0,0,0,0,0,0,0,0,0,0,0,0,0,0,0,0,0,0,0,0,0,0,0,0,0,0,0,0,0,0,0,0,0,0,0,0,0,0,0,0,0,0,2,0,7,0,0,0,0,0,1,0,0,0
720575940606722249,7605201512,-2017612614856953283,12409.485170841219,10284,29.076061662519354,6.586396267170131,6.870678129176212,0.0031977223463056765,17.87770200450115,13.585964264024367,43075656,18905612,4374080,43076200,18905320,4374200,0,0,0,0,0,0,0,0,0,0,0,0,0,0,0,0,0,0,0,0,0,0,0,0,0,0,0,0,0,0,0,0,0,0,0,0,0,0,0,0,0,0,0,0,0,0,0,0,0,0,0,0,0,0,0,0,0,0,0,0,0,0,0,0,0,0,0,0,0,0,0,0,0,0,0,0,0,0,0,0,0,0,0,0,0,0,0,0,0,0,0,0,0,0,0,0,0,0,0,0,1,0,31,0,20,0,3,0,0,0,9,0,4,0,0,0
720575940606751922,21255868230,7061644261031604767,32119.88454484939,25645,77.08162022329634,67.2729083864615,2.6818513262414037,0.07474702016286146,19.020760965817693,22.86811283242991,88656264,46817940,13753040,88656436,46817440,13753560,0,0,0,0,0,0,0,0,0,0,0,0,0,0,0,0,0,0,0,3,0,0,0,0,0,0,0,0,0,0,0,0,0,0,0,0,0,0,0,0,0,0,0,0,0,0,0,0,0,0,0,0,0,0,0,0,0,0,0,0,0,0,0,0,0,0,0,1,0,0,0,0,0,0,0,0,0,0,0,0,0,0,0,0,0,0,0,0,0,0,0,0,0,0,0,0,0,0,0,0,0,13,0,49,0,17,0,11,0,11,0,34,0,0,0,3
720575940608241365,10103865198,-6052837876469450387,15422.833582878115,12936,26.795036020179396,37.48778885346291,0.5777782129820226,0.018242559765747592,11.656339813144765,17.464815168292258,44066736,23268096,6517440,44065144,23269036,6517640,0,0,0,0,0,0,0,0,0,0,0,0,0,0,0,0,0,0,0,0,0,0,0,0,0,0,0,1,0,0,0,0,0,0,0,0,0,0,0,0,0,0,0,0,0,0,0,0,0,0,0,0,0,0,0,0,0,0,0,0,0,0,0,0,0,0,0,1,0,0,0,0,0,0,0,0,0,0,0,0,0,0,0,0,0,0,0,0,0,0,0,0,0,0,0,0,0,0,0,0,0,4,0,21,0,18,0,8,0,3,0,8,0,0,0,0
720575940608345778,6801048634,5620492349421064282,9414.91280412674,7636,33.83381299383473,19.26402657629842,0.2572042428267292,0.0016556301856342768,4.6484101237680395,0.9948911601871755,34365944,14751788,3930560,34366064,14751448,3930800,0,0,0,0,0,0,0,0,0,0,0,0,0,0,0,0,0,0,0,0,0,0,0,0,0,0,0,0,0,0,0,0,0,0,0,0,0,0,0,0,0,0,0,0,0,0,0,0,0,0,0,0,0,0,0,0,0,0,0,0,0,0,0,0,0,0,0,0,0,0,0,0,0,0,0,0,0,0,0,0,0,0,0,0,0,0,0,0,0,0,0,0,0,0,0,0,0,0,0,0,0,0,3,0,5,0,0,0,0,0,48,0,0,0,0,0
720575940609282825,133251537255,-1585266740305679788,272273.9377269745,180949,843.1840878644434,345.23974361368255,10.132778842559718,2.315178461733782,81.61755434725113,46.51065840047378,772582492,351431628,87659960,772585944,351431544,87663800,0,0,0,0,0,0,0,0,0,0,0,0,0,0,0,0,0,0,0,0,0,0,0,0,0,0,0,0,0,0,0,0,0,0,0,0,0,0,0,0,0,0,0,0,0,0,0,0,0,0,0,0,0,0,0,0,0,0,0,0,0,0,0,0,0,0,0,0,0,0,0,0,0,0,0,0,1,0,0,0,0,0,0,0,0,0,0,0,0,0,0,0,0,0,0,0,0,0,0,0,14,0,176,0,388,0,231,0,176,0,125,0,59,0,3,0
720575940609881749,109458701,1441151881255354516,520.7954311370852,280,0.1394720450043678,0.659358024597168,1.150052666664124,0.004277446918422301,0.000837733852677,0.046002058312296895,1190424,541312,145600,1190416,541488,145640,0,0,0,0,0,0,0,0,0,0,0,0,0,0,0,0,0,0,0,0,0,0,0,0,0,0,0,0,0,0,0,0,0,0,0,0,0,0,0,0,0,0,0,0,0,0,0,0,0,0,0,0,0,0,0,0,0,0,0,0,0,0,0,0,0,0,0,0,0,0,0,0,0,0,0,0,0,0,0,0,0,0,0,0,0,0,0,0,0,0,0,0,0,0,0,0,0,0,0,0,0,0,0,0,0,0,0,0,2,0,0,0,0,0,0,0
720575940609959726,28036031675,5476377203722644035,37452.228467464454,31721,119.6122857790906,61.1558797059406,28.24067199991623,0.22337484717347353,9.568725954686023,19.19906335998871,108203408,62163416,21001320,108201604,62166520,21001400,0,0,0,0,0,0,0,0,0,0,0,0,0,0,0,0,0,0,0,0,0,0,0,0,0,0,0,0,0,0,0,0,0,0,0,0,0,0,0,0,0,0,0,0,0,0,0,0,0,0,0,0,0,0,0,0,0,0,0,0,0,0,0,0,0,0,0,0,0,0,0,0,0,0,0,0,0,0,0,0,0,0,0,0,0,0,0,0,0,0,0,0,0,0,0,0,0,0,0,0,0,0,0,0,0,0,0,0,0,216,0,0,0,16,0,0
720575940610157688,135720216,720575940638389437,41.5822792053223,141,0.36791655421257,0.612933337688446,0.0015170930419117,4.70839313493343e-06,0.0009682163945399,0.0166600588709116,474300,269632,76760,474352,269544,76680,0,0,0,0,0,0,0,0,0,0,0,0,0,0,0,0,0,0,0,0,0,0,0,0,0,0,0,0,0,0,0,0,0,0,0,0,0,0,0,0,0,0,0,0,0,0,0,0,0,0,0,0,0,0,0,0,0,0,0,0,0,0,0,0,0,0,0,0,0,0,0,0,0,0,0,0,0,0,0,0,0,0,0,0,0,0,0,0,0,0,0,0,0,0,0,0,0,0,0,0,0,0,0,0,0,1,0,0,0,0,0,0,0,0,0,0
720575940610408643,3802414200,-7349874582155894462,10264.177667617801,5241,19.294125080108643,14.419482395576779,1.8739587923919307,0.09605929682311337,1.9052492318805867,3.4111250359564997,19165672,9819356,2526480,19165448,9819596,2526240,0,0,0,0,0,0,0,0,0,0,0,0,0,0,0,0,0,0,0,0,0,0,0,1,0,0,0,0,0,0,0,0,0,0,0,0,0,0,0,0,0,0,0,0,0,0,0,0,0,0,0,0,0,0,0,0,0,0,0,0,0,0,0,0,0,0,0,1,0,0,0,0,0,0,0,0,0,0,0,0,0,0,0,0,0,0,0,0,0,0,0,0,0,0,0,0,0,0,0,0,0,0,0,0,0,13,0,0,0,0,0,0,0,0,0,0
720575940610669614,1566359868,-1152921498827979462,5020.3785247802725,3205,12.154380142688753,3.468411084654234,0.7746496858167964,0.004210122526545461,6.173213468787545,1.4251355367462109,11439036,5963324,1892840,11439108,5963420,1893040,0,0,0,0,0,0,0,0,0,0,0,0,0,0,0,0,0,0,0,0,0,0,0,0,0,0,0,0,0,0,0,0,0,0,0,0,0,0,0,0,0,0,0,0,0,0,0,0,0,0,0,0,0,0,0,0,0,0,0,0,0,0,0,0,0,0,0,0,0,0,0,0,0,0,0,0,0,0,0,0,0,0,0,0,0,0,0,0,0,0,0,0,0,0,0,0,0,0,0,0,0,0,0,0,0,16,0,1,0,0,0,2,0,0,0,0
720575940610680274,590384923,2161727821915168311,594.198623657226,418,1.76497434079647,0.1189008597284556,0.9679369181394578,0.0046321603294926,0.0307739810086786,0.11278168112039559,1465876,797020,247640,1465656,796768,247640,0,0,0,0,0,0,0,0,0,0,0,0,0,0,0,0,0,0,0,0,0,0,0,0,0,0,0,0,0,0,0,0,0,0,0,0,0,0,0,0,0,0,0,0,0,0,0,0,0,0,0,0,0,0,0,0,0,0,0,0,0,0,0,0,0,0,0,0,0,0,0,0,0,0,0,0,0,0,0,0,0,0,0,0,0,0,0,0,0,0,0,0,0,0,0,0,0,0,0,0,0,0,0,0,0,0,0,3,0,0,0,0,0,0,0,0
720575940611379569,20051004693,6773413879035997029,30276.657524108894,21993,78.27309657738078,16.0779077068546,10.046987725080722,0.13014545252680634,34.15858160110764,24.31328064927856,76329476,41425212,13010600,76328968,41426836,13010600,0,0,0,0,0,0,0,0,0,0,0,0,0,0,0,0,0,0,0,0,0,0,0,0,0,0,0,0,0,0,0,0,0,0,0,0,0,0,0,0,0,0,0,0,0,0,0,0,0,0,0,0,0,0,0,0,0,0,0,0,0,0,0,0,0,0,0,0,0,0,0,0,0,0,0,0,0,0,0,0,0,0,0,0,0,0,0,0,0,0,0,0,0,0,0,0,0,0,0,0,0,0,0,25,0,9,0,35,0,36,0,21,0,8,0,0
720575940611671506,10396370686,5188146791022638011,16287.123383522036,10720,26.39791203295135,9.537271193400954,6.672404159461334,0.015410033567985103,18.464744143138883,22.912258714626663,39193520,21335680,6526960,39195192,21335392,6527000,0,0,0,0,0,0,0,0,0,0,0,0,0,0,0,0,0,0,0,0,0,0,0,0,0,0,0,0,0,0,0,0,0,0,0,0,0,0,0,0,0,0,0,0,0,0,0,0,0,0,0,0,0,0,0,0,0,0,0,0,0,0,0,0,0,0,0,0,0,1,0,0,0,0,0,0,0,0,0,0,0,0,0,0,0,0,0,0,0,0,0,0,0,0,0,0,0,0,0,0,0,0,0,18,0,8,0,9,0,18,0,14,0,9,0,0
720575940611906713,24661035315,9079256906932986301,37948.385145187385,32761,120.40573658514768,47.47311832719322,26.035563877453107,1.2113729562054656,23.98210168455223,23.892107573221743,110213804,63916192,21259280,110214736,63917600,21259880,0,0,0,0,0,0,0,0,0,0,0,0,0,0,0,0,0,0,0,0,0,0,0,0,0,0,0,0,0,0,0,0,0,0,0,0,0,0,0,0,0,0,0,0,0,0,0,0,0,0,0,0,0,0,0,0,0,0,0,0,0,0,0,0,0,0,0,0,0,0,0,0,0,0,0,0,0,0,0,0,0,0,0,0,0,0,0,0,0,0,0,0,0,0,0,0,0,0,0,0,0,0,0,0,0,0,0,0,0,190,0,0,0,17,0,0
720575940612637554,13940474827,-7638104932795401148,21735.155195713043,19423,49.309748703148216,39.23744868394715,2.6102723859769377,0.008771409183073738,27.332834007806238,24.50092566988678,82905320,36602196,8832400,82906328,36605988,8832720,0,0,0,0,0,0,0,0,0,0,0,0,0,0,0,0,0,0,0,0,0,0,0,0,0,0,0,0,0,0,0,0,0,0,0,0,0,0,0,0,0,0,0,0,0,0,0,0,0,0,0,0,0,0,0,0,0,0,0,0,0,0,0,0,0,0,0,0,0,0,0,0,0,0,0,0,0,0,0,0,0,0,0,0,0,0,0,0,0,0,0,0,0,0,1,0,0,0,0,0,5,0,26,0,29,0,11,0,11,0,31,0,1,0,0,0
720575940612732273,249474356,1441151881251581028,60.7007503509522,212,0.3584692366421221,1.414661169052124,0.1193052437156438,0.004948390007484701,0.0485633444041013,0.0540525652468205,934812,527512,178720,934840,527628,178720,0,0,0,0,0,0,0,0,0,0,0,0,0,0,0,0,0,0,0,0,0,0,0,0,0,0,0,0,0,0,0,0,0,0,0,0,0,0,0,0,0,0,0,0,0,0,0,0,0,0,0,0,0,0,0,0,0,0,0,0,0,0,0,0,0,0,0,0,0,0,0,0,0,0,0,0,0,0,0,0,0,0,0,0,0,0,0,0,0,0,0,0,0,0,0,0,0,0,0,0,0,0,0,0,0,0,0,1,0,1,0,0,0,0,0,0
720575940612907121,12063845366,4755801232652378197,22406.62532615661,14341,41.46559149294626,22.911139143106993,2.4469296919851287,0.09371172041538721,17.133570458157916,24.949057417979933,51001800,27314572,7894560,51001392,27314348,7894720,0,0,0,0,0,0,0,0,0,0,0,0,0,0,0,0,0,0,0,0,0,0,0,0,0,0,0,0,0,0,0,0,0,0,0,0,0,0,0,0,0,0,0,0,0,0,0,0,0,0,0,0,0,0,0,0,0,0,0,0,0,0,0,0,0,0,0,0,0,0,0,0,0,0,0,0,0,0,0,0,0,0,0,0,0,0,0,0,0,0,0,0,0,0,0,0,0,0,0,0,0,8,0,34,0,22,0,8,0,8,0,3,0,2,0,0
720575940613191591,207830905907,3314649676595144611,296244.8616442681,216337,158.43346249562077,1147.3720939814636,117.09494900786517,32.30065784926617,245.19409007909167,70.60474822897893,804419156,462286508,155692560,804419916,462297732,155702800,0,0,0,0,0,0,0,0,0,0,0,0,0,0,0,0,0,0,0,0,0,0,0,0,0,0,0,0,0,0,0,0,0,0,0,0,0,0,0,0,0,0,0,0,0,0,0,0,0,0,0,0,0,0,0,0,0,0,0,0,0,0,0,0,0,0,0,0,0,0,0,0,0,0,0,0,0,0,0,0,0,0,0,0,0,0,0,0,0,0,0,0,0,0,0,0,0,0,0,0,0,0,0,0,0,0,0,0,0,1736,0,0,0,0,0,0
720575940613791399,18027034298,-576460701451318451,26062.574481964115,28171,79.99592596224001,37.65900710626459,15.743843280119972,0.01083423265825236,65.24992823046051,5.340461890474636,121053240,55550200,15239560,121052608,55548664,15240280,0,0,0,0,0,0,0,0,0,0,0,0,0,0,0,0,0,0,0,0,0,0,0,0,0,0,0,0,0,0,0,0,0,0,0,0,0,0,0,0,0,0,0,0,0,0,0,0,0,0,0,0,0,0,0,0,0,0,0,0,0,0,0,0,0,0,0,0,0,0,0,0,0,0,0,0,0,0,0,0,0,0,0,0,0,0,0,0,0,0,0,0,0,0,0,0,0,0,0,0,0,0,0,0,0,0,0,0,189,0,0,0,12,0,0,0
720575940613794114,180645048788,-3891109745384045383,470179.3055295945,234324,39.83927128921864,1634.2137803481892,12.64022145931681,2.572935177892364,23.350117257761895,48.38367702515866,833466668,448588328,133132120,833471672,448593984,133139280,0,0,0,0,0,0,0,0,0,0,0,0,0,0,0,0,0,0,0,0,0,0,0,0,0,0,0,0,0,0,0,0,0,0,0,0,0,0,0,0,0,0,0,0,0,0,0,0,0,0,0,0,0,0,0,0,0,0,0,0,0,0,0,0,0,0,0,0,0,0,0,0,0,0,0,0,0,0,0,0,0,0,0,0,0,0,0,0,0,0,0,0,0,0,0,0,0,0,0,0,0,13,0,41,0,1358,0,0,0,0,0,22,0,36,0,5
720575940613941533,75063602002,4755801329859796422,142430.74946308136,95062,62.788374584824155,520.3433303347265,11.6549356138275,0.6817513090608439,137.78093463055808,15.750676643498208,440770580,196720844,47651680,440773404,196719444,47654440,0,0,0,0,0,0,0,0,0,0,0,0,0,0,0,0,0,0,0,0,0,0,0,0,0,0,0,0,0,0,0,0,0,0,0,0,0,0,0,0,0,0,0,0,0,0,0,0,0,0,0,0,0,0,0,0,0,0,0,0,0,0,0,0,0,0,0,0,0,0,0,0,0,0,0,0,0,0,0,0,0,0,0,0,0,0,0,0,0,0,0,0,0,0,0,0,0,0,0,0,0,0,496,0,0,0,0,0,147,0,0,0,4,0,0,0
720575940613942045,72500734088,5620492448711228116,128938.15991115572,88980,53.742008321307615,498.73178749620615,7.943453355038066,1.5196464134653371,117.76452745382083,19.29857698255953,412138540,184078252,44079120,412136592,184081972,44081640,0,0,0,0,0,0,0,0,0,0,0,0,0,0,0,0,0,0,0,0,0,0,0,0,0,0,0,0,0,0,0,0,0,0,0,0,0,0,0,0,0,0,0,0,0,0,0,0,0,0,0,0,0,0,0,0,0,0,0,0,0,0,0,0,0,0,0,0,0,0,0,0,0,0,0,0,0,0,0,0,0,0,0,0,0,0,0,0,0,0,0,0,0,0,0,0,0,0,0,0,0,0,496,0,0,0,0,0,125,0,1,0,0,0,0,0
720575940613942301,76034466715,4899916530289380630,170382.9646945,110801,43.78405606477462,637.6688196281902,13.73576154780337,0.663711803954027,99.1266029479392,31.021048829362464,486218192,216791900,53357200,486221912,216793848,53362000,0,0,0,0,0,0,0,0,0,0,0,0,0,0,0,0,0,0,0,0,0,0,0,0,0,0,0,0,0,0,0,0,0,0,0,0,0,0,0,0,0,0,0,0,0,0,0,0,0,0,0,0,0,0,0,0,0,0,0,0,0,0,0,0,0,0,0,0,0,0,0,0,0,0,0,0,0,0,0,0,0,0,0,0,0,0,0,0,0,0,0,0,0,0,0,0,0,0,0,0,0,0,480,0,0,0,0,0,181,0,4,0,0,0,0,0
720575940613942557,66599787389,-7638104859914254642,122972.51277160646,83255,69.83228966251545,424.0260157934172,9.062967099240105,0.6083461826605627,131.70623676016828,19.764145577766197,386601424,172851372,42494880,386608520,172852284,42498400,0,0,0,0,0,0,0,0,0,0,0,0,0,0,0,0,0,0,0,0,0,0,0,0,0,0,0,0,0,0,0,0,0,0,0,0,0,0,0,0,0,0,0,0,0,0,0,0,0,0,0,0,0,0,0,0,0,0,0,0,0,0,0,0,0,0,0,0,0,0,0,0,0,0,0,0,0,0,0,0,0,0,0,0,0,0,0,0,0,0,0,0,0,0,0,0,0,0,0,0,0,0,378,0,0,0,0,0,184,0,0,0,27,0,0,0
720575940614054802,21319224743,7349874645419562101,29973.508440017704,29549,80.14795564149244,60.829214642120405,27.990593378642476,0.019734218447118198,41.02673563495205,4.98576710380342,127318260,58674568,16282440,127321324,58672840,16283240,0,0,0,0,0,0,0,0,0,0,0,0,0,0,0,0,0,0,0,0,0,0,0,0,0,0,0,0,0,0,0,0,0,0,0,0,0,0,0,0,0,0,0,0,0,0,0,0,0,0,0,0,0,0,0,0,0,0,0,0,0,0,0,0,0,0,0,0,0,0,0,0,0,0,0,0,0,0,0,0,0,0,0,0,0,0,0,0,0,0,0,0,0,0,0,0,0,0,0,0,0,0,0,0,0,0,1,0,187,0,0,0,18,0,1,0
720575940614308758,139566772,2161727821892914954,996.8429031372068,313,0.9714932888746259,0.48849672824144397,1.380487948656082,0.0124018687638453,0.0425654528662562,0.10455473046749829,1632344,823428,226160,1632532,823704,226120,0,0,0,0,0,0,0,0,0,0,0,0,0,0,0,0,0,0,0,0,0,0,0,0,0,0,0,0,0,0,0,0,0,0,0,0,0,0,0,0,0,0,0,0,0,0,0,0,0,0,0,0,0,0,0,0,0,0,0,0,0,0,0,0,0,0,0,0,0,0,0,0,0,0,0,0,0,0,0,0,0,0,0,0,0,0,0,0,0,0,0,0,0,0,0,0,0,0,0,0,0,0,0,0,0,0,0,0,0,0,0,0,2,1,0,0
720575940614429165,15940866886,4755801233277425980,23440.112407207496,14106,90.19228124246001,9.261400416237617,2.930354971008438,0.0024559626971271164,1.92960719632667,4.683899926330057,52025836,26236480,8962240,52025512,26236460,8962160,0,0,0,0,0,0,0,0,0,0,0,0,0,0,0,0,0,0,0,0,0,0,0,0,0,0,0,0,0,0,0,0,0,0,0,0,0,0,0,0,0,0,0,0,0,0,0,0,0,0,0,0,0,0,0,0,0,0,0,0,0,0,0,0,0,0,0,0,0,0,0,0,0,0,0,0,0,0,0,0,0,0,0,0,0,0,0,0,0,0,0,0,0,0,0,0,0,0,0,0,0,0,0,5,0,7,0,0,0,5,0,90,0,0,0,0
720575940614570793,111706240733,1585267293470395857,255925.74529409411,144702,44.44239142415787,972.3636800306849,4.523293302225269,2.422337572169717,41.46697868736879,37.78131780497379,513386192,269050496,69822720,513390764,269051644,69828640,0,0,0,0,0,0,0,0,0,0,0,0,0,0,0,0,0,0,0,11,0,0,0,0,0,0,0,0,0,0,0,0,0,0,0,0,0,0,0,0,0,0,0,0,0,0,0,0,0,0,0,0,0,0,0,0,0,0,0,0,0,0,0,0,0,0,0,0,0,0,0,0,0,0,0,0,0,0,0,0,0,0,0,0,0,0,0,0,0,0,0,0,0,0,0,0,0,0,0,0,0,188,0,367,0,62,0,0,0,0,0,9,0,0,0,0
720575940614858399,175674249,720575940634781620,901.9744262695308,139,0.850902020931244,0.1367527097463609,0.0086295967921614,0.0001144978741649,0.0005452376790344,0.0030558824073523,593588,237596,39560,593636,237712,39560,0,0,0,0,0,0,0,0,0,0,0,0,0,0,0,0,0,0,0,0,0,0,0,0,0,0,0,0,0,0,0,0,0,0,0,0,0,0,0,0,0,0,0,0,0,0,0,0,0,0,0,0,0,0,0,0,0,0,0,0,0,0,0,0,0,0,0,0,0,0,0,0,0,0,0,0,0,0,0,0,0,0,0,0,0,0,0,0,0,0,0,0,0,0,0,0,0,0,0,0,0,0,0,0,0,0,0,0,0,0,0,0,0,0,0,0
720575940614921501,115688711154,6917529228644174356,285749.8056449891,147859,52.41629179322955,940.0213211542614,20.5795599340922,1.297066079925406,59.07562828527288,62.610133699948356,524432828,287672736,87202080,524431580,287673784,87208200,0,0,0,0,0,0,0,0,0,0,0,0,0,0,0,0,0,0,0,0,0,0,0,0,0,0,0,0,0,0,0,0,0,0,0,0,0,0,0,0,0,0,0,0,0,0,0,0,0,0,0,0,0,0,0,0,0,0,0,0,0,0,0,0,0,0,0,0,0,0,0,0,0,0,0,0,0,0,0,0,0,0,0,0,0,0,0,0,0,0,0,0,0,0,0,0,0,0,0,0,0,0,0,663,0,0,0,0,0,288,0,101,0,0,0,0
720575940615073587,5107168463,6341068289570067774,16096.80904579163,7889,33.849480079486966,12.293363631699322,4.189188917545833,0.07220509189832222,1.838703906287264,7.7570587391383015,27946852,14520652,3879200,27946788,14520548,3879440,0,0,0,0,0,0,0,0,0,0,0,0,0,0,0,0,0,0,0,0,0,0,0,5,0,0,0,0,0,0,0,0,0,0,0,0,0,0,0,0,0,0,0,0,0,0,0,0,0,0,0,0,0,0,0,0,0,0,0,0,0,0,0,0,0,0,0,0,0,0,0,0,0,0,0,0,0,0,0,0,0,0,0,0,0,0,0,0,0,0,0,0,0,0,0,0,0,0,0,0,0,2,0,1,0,18,0,0,0,0,0,0,0,0,0,0
720575940615513086,4025934856,-144115175460230808,9198.969546794893,6987,34.11591213569045,8.324838582571827,3.42854470288057,0.0027078287622470457,3.000698375462435,2.1272990123925393,28927004,12949584,3781280,28928712,12949260,3781120,0,0,0,0,0,0,0,0,0,0,0,0,0,0,0,0,0,0,0,0,0,0,0,0,0,0,0,0,0,0,0,0,0,0,0,0,0,0,0,0,0,0,0,0,0,0,0,0,0,0,0,0,0,0,0,0,0,0,0,0,0,0,0,0,0,0,0,0,0,0,0,0,0,0,0,0,0,0,0,0,0,0,0,0,0,0,0,0,0,0,0,0,0,0,0,0,0,0,0,0,0,0,1,0,0,0,2,0,2,0,13,0,23,0,0,0
720575940615856345,331436340551,-7349874041149432567,724121.887653351,382079,51.29079684115795,2606.3834972253535,12.72895866064468,2.369618176306474,43.19929289058863,141.0278374181562,1388659116,747536836,236652440,1388667984,747541888,236666560,0,0,0,0,0,0,0,0,0,0,0,0,0,0,0,0,0,0,0,0,0,0,0,0,0,0,0,0,0,0,0,0,0,0,0,0,0,0,0,0,0,0,0,0,0,0,0,0,0,0,0,0,0,0,0,0,0,0,0,0,0,0,0,0,0,0,0,0,0,0,0,0,0,0,0,0,0,0,0,0,0,0,0,0,0,0,0,0,0,0,0,0,0,0,0,0,0,0,0,0,0,0,0,0,0,91,0,2318,0,0,0,0,0,60,0,76
720575940616039197,161352564242,-8502795788696130769,375116.64113426214,208382,51.442255553203225,1461.3084753399744,11.314579960657623,1.4437700948583179,34.70035971194788,40.79055948147625,759813412,408183744,121866400,759816484,408182696,121876720,0,0,0,0,0,0,0,0,0,0,0,0,0,0,0,0,0,0,0,0,0,0,0,0,0,0,0,0,0,0,0,0,0,0,0,0,0,0,0,0,0,0,0,0,0,0,0,0,0,0,0,0,0,0,0,0,0,0,0,0,0,0,0,0,0,0,0,0,0,0,0,0,0,0,0,0,0,0,0,0,0,0,0,0,0,0,0,0,0,0,0,0,0,0,0,0,0,0,0,0,0,9,0,0,0,1203,0,0,0,0,0,0,0,76,0,0
720575940616169578,17102850929,-1873497407731846051,24110.820069313053,20712,91.80677054263651,30.799296809520452,7.113944141659881,0.2093817599666587,10.438887104442065,10.631720012740185,72027160,39341648,12308520,72027628,39342528,12308440,0,0,0,0,0,0,0,0,0,0,0,0,0,0,0,0,0,0,0,0,0,0,0,0,0,0,0,0,0,0,0,0,0,0,0,0,0,0,0,0,0,0,0,0,0,0,0,0,0,0,0,0,0,0,0,0,0,0,0,0,0,0,0,0,0,0,0,0,0,0,0,0,0,0,0,0,0,0,0,0,0,0,0,0,0,0,0,0,0,0,0,0,0,0,0,0,0,0,0,0,0,19,0,5,0,4,0,57,0,18,0,5,0,34,0,0
720575940616197819,7875816946,-2017612614620377635,11499.724841117857,9897,26.133367157977773,8.97076448470034,1.2548679768224233,0.004115090615482053,23.792152107023867,13.844733147678197,42817980,19366232,4559800,42817276,19366472,4560200,0,0,0,0,0,0,0,0,0,0,0,0,0,0,0,0,0,0,0,0,0,0,0,0,0,0,0,0,0,0,0,0,0,0,0,0,0,0,0,0,0,0,0,0,0,0,0,0,0,0,0,0,0,0,0,0,0,0,0,0,0,0,0,0,0,0,0,0,0,0,0,0,0,0,0,0,0,0,0,0,0,0,0,0,0,0,0,0,0,0,0,0,0,0,1,0,0,0,0,0,4,0,20,0,22,0,11,0,2,0,0,0,1,0,1,0
720575940616486230,8983427787,8791026494739001143,18072.851963996887,11998,52.49743897654116,27.573889917955967,1.8766212321337983,0.006169086052449054,3.01524250119807,4.030638478947364,51642952,22150852,5975440,51641888,22147872,5975680,0,0,0,0,0,0,0,0,0,0,0,0,0,0,0,0,0,0,0,0,0,0,0,0,0,0,0,0,0,0,0,0,0,0,0,0,0,0,0,0,0,0,0,0,0,0,0,0,0,0,0,0,0,0,0,0,0,0,0,0,0,0,0,0,0,0,0,0,0,0,0,0,0,0,0,0,0,0,0,0,0,0,0,0,0,0,0,0,0,0,0,0,0,0,0,0,0,0,0,0,0,0,1,0,0,0,2,0,0,0,77,0,7,0,0,0
720575940616758322,22809081977,-2449958141252318254,35578.56747579575,31501,159.12366462917998,23.775673831618406,6.639607275637334,0.017659362977023467,21.934318027748017,15.50907716825028,131824584,60340940,14642760,131824792,60339340,14643280,0,0,0,0,0,0,0,0,0,0,0,0,0,0,0,0,0,0,0,0,0,0,0,0,0,0,0,0,0,0,0,0,0,0,0,0,0,0,0,0,0,0,0,0,0,0,0,0,0,0,0,0,0,0,0,0,0,0,0,0,0,0,0,0,0,0,2,0,0,0,0,0,0,0,0,0,0,0,0,0,0,0,0,0,0,0,0,0,0,0,0,0,0,0,0,0,0,0,0,0,13,0,24,0,20,0,35,0,21,0,18,0,65,0,0,0
720575940616855225,480520631,2882303762496233572,576.3959255218509,476,0.663766849786043,2.2718025594949727,0.5353618320077658,0.0022905020814503654,0.1354956184513867,0.3912827316671609,2336376,1105972,285240,2336464,1106132,285200,0,0,0,0,0,0,0,0,0,0,0,0,0,0,0,0,0,0,0,0,0,0,0,0,0,0,0,0,0,0,0,0,0,0,0,0,0,0,0,0,0,0,0,0,0,0,0,0,0,0,0,0,0,0,0,0,0,0,0,0,0,0,0,0,0,0,0,0,0,0,0,0,0,0,0,0,0,0,0,0,0,0,0,0,0,0,0,0,0,0,0,0,0,0,0,0,0,0,0,0,0,0,0,0,0,0,0,0,0,0,0,0,4,0,0,0
720575940616999069,274754073893,1441152387127165835,442822.57519388205,316252,151.00239057572614,2016.3394369135642,107.21396755799135,14.255058660289532,129.65268384251286,143.53646597985028,1163592624,669069020,224712880,1163583184,669092212,224727920,0,0,0,0,0,0,0,0,0,0,0,0,0,0,0,0,0,0,0,0,0,0,0,0,0,0,0,0,0,0,0,0,0,0,0,0,0,0,0,0,0,0,0,0,0,0,0,0,0,0,0,0,0,0,0,0,0,0,0,0,0,0,0,0,0,0,0,0,0,0,0,0,0,0,0,0,0,0,0,0,0,0,0,0,0,0,0,0,0,0,0,0,0,0,0,0,0,0,0,0,0,0,0,0,0,0,0,0,0,2486,0,0,0,0,0,0
720575940617021234,719961197,3602879703128486987,1058.0340881347656,697,1.3084106445312502,1.6594179710373291,0.5611572307534515,0.007036352470777153,0.778077823109925,0.6858999393880367,2380548,1251020,369520,2380520,1251272,369600,0,0,0,0,0,0,0,0,0,0,0,0,0,0,0,0,0,0,0,0,0,0,0,0,0,0,0,0,0,0,0,0,0,0,0,0,0,0,0,0,0,0,0,0,0,0,0,0,0,0,0,0,0,0,0,0,0,0,0,0,0,0,0,0,0,0,0,0,0,0,0,0,0,0,0,0,0,0,0,0,0,0,0,0,0,0,0,0,0,0,0,0,0,0,0,0,0,0,0,0,0,0,0,1,0,2,0,0,0,0,0,2,0,0,0,0
720575940617041728,213679329881,7493990261993380753,532268.7632012367,330300,58.136366162440986,2178.5877025201767,20.071470595837745,3.2895484376932074,125.50247355370819,82.41243752319457,1395574760,657040896,175287280,1395574404,657061328,175303200,0,0,0,0,0,0,0,0,0,0,0,0,0,0,0,0,0,0,0,0,0,0,0,0,0,0,0,0,0,0,0,0,0,0,0,0,0,0,0,0,0,0,0,0,0,0,0,0,0,0,0,0,0,0,0,0,0,0,0,0,0,0,0,0,0,0,0,0,0,0,0,0,0,0,0,0,0,0,0,0,0,0,0,0,0,0,0,0,0,0,0,0,0,0,0,0,0,0,0,0,0,0,0,0,12,0,2216,0,0,0,0,0,47,0,6,0
720575940617205179,1414568137,7205759406173501375,2345.0702056884757,1362,5.141131281852723,2.6172621855512253,0.6344616588903595,0.0032081628885148594,1.0131369391056064,0.5907996964233455,4723372,2677632,799040,4723564,2677640,799120,0,0,0,0,0,0,0,0,0,0,0,0,0,0,0,0,0,0,0,0,0,0,0,0,0,0,0,0,0,0,0,0,0,0,0,0,0,0,0,0,0,0,0,0,0,0,0,0,0,0,0,0,0,0,0,0,0,0,0,0,0,0,0,0,0,0,0,0,0,0,0,0,0,0,0,0,0,0,0,0,0,0,0,0,0,0,0,0,0,0,0,0,0,0,0,0,0,0,0,0,0,1,0,1,0,1,0,1,0,0,0,0,0,6,0,0
720575940617299131,12196733365,-2161727790470525679,19820.532862186436,16907,44.35585080242345,16.432135526258204,2.0729704744844035,0.022624532995597055,42.2429504608972,19.87346796788728,73067772,33319556,8571680,73068184,33318672,8572080,0,0,0,0,0,0,0,0,0,0,0,0,0,0,0,0,0,0,0,0,0,0,0,0,0,0,0,0,0,0,0,0,0,0,0,0,0,0,0,0,0,0,0,0,0,0,0,0,0,0,0,0,0,0,0,0,0,0,0,0,0,0,0,0,0,0,0,0,0,0,0,0,0,0,0,0,0,0,0,0,0,0,0,0,0,0,0,0,0,0,0,0,0,0,1,0,0,0,0,0,1,0,31,0,9,0,23,0,43,0,1,0,0,0,0,0
720575940617441752,12946388591,-7926335316166957748,24194.969097614292,16421,15.003984974406194,79.8438940634951,16.22778028469565,0.19364566242697065,1.3730129941500278,4.357680794280894,53300428,30625196,10391960,53303444,30627648,10392800,0,0,0,0,0,0,0,0,0,0,0,0,0,0,0,0,0,0,0,0,0,0,0,0,0,0,0,0,0,0,0,0,0,0,0,0,0,0,0,0,0,0,0,0,0,0,0,0,0,0,0,0,0,0,0,0,0,0,0,0,0,0,0,0,0,0,0,0,0,0,0,0,0,0,0,0,0,0,0,0,0,0,0,0,0,0,0,0,0,0,0,0,0,0,0,0,0,0,0,0,0,0,0,0,0,0,0,0,0,113,0,0,0,1,0,0
720575940617586757,12197054876,2882303792957855277,25732.654717922218,17730,54.2743341254536,43.0529102049004,1.6561793548668182,0.02038154224015732,14.487997960018165,18.508196843482438,61668132,32745412,8955840,61665648,32746376,8955600,0,0,0,0,0,0,0,0,0,0,0,0,0,0,0,0,0,0,0,0,0,0,0,0,0,0,0,3,0,0,0,0,0,0,0,0,0,0,0,0,0,0,0,1,0,0,0,0,0,0,0,0,0,0,0,0,0,0,0,0,0,0,0,0,0,0,0,0,0,0,0,0,0,0,0,0,0,0,0,0,0,0,0,0,0,0,0,0,0,0,0,0,0,0,0,0,0,0,0,0,0,14,0,48,0,14,0,7,0,2,0,4,0,1,0,3
720575940617918603,1031276666,5044031584358866408,1151.1897392272958,995,2.1647868640720835,2.64533930644393,1.8001198808633483,0.008310630396737718,0.12484163169506238,0.25660146664449723,3282468,1819060,618040,3282288,1819192,618080,0,0,0,0,0,0,0,0,0,0,0,0,0,0,0,0,0,0,0,0,0,0,0,0,0,0,0,0,0,0,0,0,0,0,0,0,0,0,0,0,0,0,0,0,0,0,0,0,0,0,0,0,0,0,0,0,0,0,0,0,0,0,0,0,0,0,0,0,0,0,0,0,0,0,0,0,0,0,0,0,0,0,0,0,0,0,0,0,0,0,0,0,0,0,0,0,0,0,0,0,0,0,0,0,0,0,0,3,0,3,0,1,0,0,0,0
720575940617986345,137778672552,4179340749850744609,384097.93181324005,192646,31.48315268207897,1311.093705435311,6.2297831130561425,2.809918938926023,42.4053414765168,70.97809621736161,683762284,357585576,94702400,683770596,357592488,94706640,0,0,0,0,0,0,0,0,0,0,0,0,0,0,0,0,0,0,0,0,0,0,0,35,0,0,0,0,0,0,0,0,0,0,0,0,0,0,0,0,0,0,0,0,0,0,0,0,0,0,0,0,0,0,0,0,0,0,0,0,0,0,0,0,0,0,0,4,0,0,0,0,0,0,0,0,0,0,0,0,0,0,0,0,0,0,0,0,0,0,0,0,0,0,0,0,0,0,0,0,0,278,0,428,0,50,0,0,0,0,0,12,0,0,0,3
720575940617987113,122413344059,-4035225045341006671,297632.1614017487,151022,55.194091575162,904.2365675214678,26.544851835173226,1.4547526174682321,84.46496673308135,100.10476750272936,541795820,295942092,90674800,541798476,295934376,90680600,0,0,0,0,0,0,0,0,0,0,0,0,0,0,0,0,0,0,0,0,0,0,0,0,0,0,0,0,0,0,0,0,0,0,0,0,0,0,0,0,0,0,0,0,0,0,0,0,0,0,0,0,0,0,0,0,0,0,0,0,0,0,0,0,0,0,0,0,0,0,0,0,0,0,0,0,0,0,0,0,0,0,0,0,0,0,0,0,0,0,0,0,0,0,0,0,0,0,0,0,0,0,0,641,0,0,0,0,0,255,0,142,0,0,0,0
720575940618021755,9310406357,-5332261936056053123,14445.465811252594,12729,17.415504439733922,53.79249450447969,17.03791201192462,0.08108671939015366,1.7054206406064583,4.967580655706115,43200176,24837236,8374960,43199284,24837652,8375280,0,0,0,0,0,0,0,0,0,0,0,0,0,0,0,0,0,0,0,0,0,0,0,0,0,0,0,0,0,0,0,0,0,0,0,0,0,0,0,0,0,0,0,0,0,0,0,0,0,0,0,0,0,0,0,0,0,0,0,0,0,0,0,0,0,0,0,0,0,0,0,0,0,0,0,0,0,0,0,0,0,0,0,0,0,0,0,0,0,0,0,0,0,0,0,0,0,0,0,0,0,0,0,0,0,0,0,0,0,94,0,0,0,1,0,0
720575940618428830,186970116,2882303762520048946,387.6918163299564,569,0.9657881632447239,1.6609139069914824,1.1124457367695866,0.001863256126853139,0.044702284038066795,0.2142865611240268,2370200,1077700,292240,2370184,1077780,292240,0,0,0,0,0,0,0,0,0,0,0,0,0,0,0,0,0,0,0,0,0,0,0,0,0,0,0,0,0,0,0,0,0,0,0,0,0,0,0,0,0,0,0,0,0,0,0,0,0,0,0,0,0,0,0,0,0,0,0,0,0,0,0,0,0,0,0,0,0,0,0,0,0,0,0,0,0,0,0,0,0,0,0,0,0,0,0,0,0,0,0,0,0,0,0,0,0,0,0,0,0,0,1,0,0,0,0,0,3,0,0,0,0,0,0,0
720575940618552443,221369184,5764607525006992757,953.077491760253,1003,7.243983030319214,0.1344760974170639,0.035577187314629194,1.7030504044196468e-05,0.1189255546487401,0.4670210960321129,4611852,2112260,400520,4611344,2111996,400480,0,0,0,0,0,0,0,0,0,0,0,0,0,0,0,0,0,0,0,0,0,0,0,0,0,0,0,0,0,0,0,0,0,0,0,0,0,0,0,0,0,0,0,0,0,0,0,0,0,0,0,0,0,0,0,0,0,0,0,0,0,0,0,0,0,0,0,0,0,0,0,0,0,0,0,0,0,0,0,0,0,0,0,0,0,0,0,0,0,0,0,0,0,0,0,0,0,0,0,0,7,0,0,0,0,0,0,0,0,0,0,0,0,0,0,0
720575940618561403,5548161020,-864691116514302006,9118.873136997225,6613,17.43979956419207,12.922525612317258,2.304605070472461,0.008140262022592406,8.214365580170123,9.110563909518532,23587468,12567736,3675640,23587788,12568284,3676160,0,0,0,0,0,0,0,0,0,0,0,0,0,0,0,0,0,0,0,0,0,0,0,0,0,0,0,0,0,0,0,0,0,0,0,0,0,0,0,0,0,0,0,0,0,0,0,0,0,0,0,0,0,0,0,0,0,0,0,0,0,0,0,0,0,0,0,0,0,0,0,0,0,0,0,0,0,0,0,0,0,0,0,0,0,0,0,0,0,0,0,0,0,0,0,0,0,0,0,0,0,3,0,11,0,15,0,6,0,0,0,2,0,0,0,0
720575940619007664,279096141,2161727821839574773,680.4502944946298,460,1.390358231961727,0.773669762536883,0.782834872603417,0.017053271571057783,0.0027863759896717003,0.0332974998746067,1355704,787116,267160,1356032,787344,267240,0,0,0,0,0,0,0,0,0,0,0,0,0,0,0,0,0,0,0,0,0,0,0,0,0,0,0,0,0,0,0,0,0,0,0,0,0,0,0,0,0,0,0,0,0,0,0,0,0,0,0,0,0,0,0,0,0,0,0,0,0,0,0,0,0,0,0,0,0,0,0,0,0,0,0,0,0,0,0,0,0,0,0,0,0,0,0,0,0,0,0,0,0,0,0,0,0,0,0,0,0,0,0,0,0,0,0,0,0,3,0,0,0,0,0,0
720575940619024774,169863278917,-7926335037471377612,388904.99062061316,215599,47.358306962305456,1518.8812747198535,10.818336695304694,5.22212221376441,31.97453465577789,38.74543082494979,783990644,422834016,125582680,783986576,422850416,125592680,0,0,0,0,0,0,0,0,0,0,0,0,0,0,0,0,0,0,0,0,0,0,0,0,0,0,0,0,0,0,0,0,0,0,0,0,0,0,0,0,0,0,0,0,0,0,0,0,0,0,0,0,0,0,0,0,0,0,0,0,0,0,0,0,0,0,0,0,0,0,0,0,0,0,0,0,0,0,0,0,0,0,0,0,0,0,0,0,0,0,0,0,0,0,0,0,0,0,0,0,0,34,0,23,0,1185,0,0,0,0,0,29,0,45,0,0
720575940619059102,4240069017,-144115175419894016,7786.53167152405,6895,15.310015413109792,6.446091975623858,7.063392325073436,0.0004560319975496221,13.340133354955467,8.839911210587161,29875896,13222296,2823160,29876204,13222032,2823320,0,0,0,0,0,0,0,0,0,0,0,0,0,0,0,0,0,0,0,0,0,0,0,0,0,0,0,0,0,0,0,0,0,0,0,0,0,0,0,0,0,0,0,0,0,0,0,0,0,0,0,0,0,0,0,0,0,0,0,0,0,0,1,0,0,0,0,0,0,0,0,0,0,0,0,0,0,0,0,0,0,0,0,0,0,0,0,0,0,0,0,0,0,0,0,0,0,0,0,0,8,0,22,0,7,0,1,0,1,0,4,0,0,0,0,0
720575940619078091,6504265461,-1297036674287641653,12664.069716453554,10292,23.203343021450568,29.31582422927022,0.6611060333989353,0.004923453657297032,13.604350187524684,8.210453850682823,43775016,19224960,4331520,43775268,19224588,4331760,0,0,0,0,0,0,0,0,0,0,0,0,0,0,0,0,0,0,0,0,0,0,0,0,0,0,0,0,1,0,0,0,0,0,0,0,0,0,0,0,0,0,0,0,0,0,0,0,0,0,0,0,0,0,0,0,0,0,0,0,0,0,0,0,0,0,0,0,0,0,0,0,0,0,0,0,0,0,0,0,0,0,0,0,0,0,0,0,0,0,0,0,0,0,0,0,0,0,0,0,4,0,31,0,10,0,10,0,0,0,0,0,0,0,0,0
720575940619417620,116308410,2161727821861419105,804.7429618835451,389,0.29281479183254056,1.4452489117986116,0.24546386628304082,1.0030980840051593,0.00040385345073445006,0.012970358483244123,1648216,750980,203360,1648208,751028,203360,0,0,0,0,0,0,0,0,0,0,0,0,0,0,0,0,0,0,0,0,0,0,0,0,0,0,0,0,0,0,0,0,0,0,0,0,0,0,0,0,0,0,0,0,0,0,0,0,0,0,0,0,0,0,0,0,0,0,0,0,0,0,0,0,0,0,0,0,0,0,0,0,0,0,0,0,0,0,0,0,0,0,0,0,0,0,0,0,0,0,0,0,0,0,0,0,0,0,0,0,0,0,1,0,0,0,0,0,0,0,1,1,0,0,0,0
720575940619931119,33486963237,-4179340375450550161,62052.726077556625,44682,110.20332794822389,63.54141375302333,10.516417376985807,0.2306519253876344,81.22515386001577,61.28303520696944,153965920,81928144,24136480,153965620,81927384,24137040,0,0,0,0,0,0,0,0,0,0,0,0,0,0,0,0,0,0,0,0,0,0,0,1,0,0,0,0,0,0,0,0,0,0,0,0,0,0,0,0,0,0,0,1,0,0,0,0,0,0,0,0,0,0,0,0,0,0,0,0,0,0,0,0,0,0,0,1,0,0,0,0,0,0,0,0,0,0,0,0,0,0,0,0,0,0,0,0,0,0,0,0,0,0,0,0,0,0,0,0,0,20,0,75,0,79,0,32,0,17,0,21,0,4,0,1
720575940620319085,9949128764,-3602879670986275884,19272.901315212253,16965,25.81486741278786,61.417916751117446,28.38340386111213,0.0144192863075622,3.9614658469852184,3.407926439768969,72865152,33331836,9386840,72861304,33330688,9387240,0,0,0,0,0,0,0,0,0,0,0,0,0,0,0,0,0,0,0,0,0,0,0,0,0,0,0,0,0,0,0,0,0,0,0,0,0,0,0,0,0,0,0,0,0,0,0,0,0,0,0,0,0,0,0,0,0,0,0,0,0,0,0,0,0,0,0,0,0,0,0,0,0,0,0,0,0,0,0,0,0,0,0,0,0,0,0,0,0,0,0,0,0,0,0,0,0,0,0,0,0,0,0,0,0,0,0,0,121,0,0,0,1,0,0,0
720575940620565313,15883225410,-4755801171194973998,26361.79177474976,20293,52.71573834994342,49.821806735155405,2.9915160636996863,0.014839936334585637,15.531529420557316,25.924570946663152,69256320,36819756,10936440,69256084,36820224,10936840,0,0,0,0,0,0,0,0,0,0,0,0,0,0,0,0,0,0,0,0,0,0,0,0,0,0,0,0,0,0,0,0,0,0,0,0,0,0,0,0,0,0,0,0,0,0,0,0,0,0,0,0,0,0,0,0,0,0,0,0,0,0,0,0,0,0,0,0,0,0,0,0,0,0,0,0,0,0,0,0,0,0,0,0,0,0,0,0,0,0,0,0,0,0,0,0,0,0,0,0,0,9,0,31,0,37,0,13,0,9,0,21,0,0,0,0
720575940620644446,87135345179,5764607673325669597,193281.7410707474,117368,41.10987937008756,643.5157034586609,11.618932343389806,1.0390029378723695,164.45817819955846,42.258300163217946,532712720,236198220,56719800,532715848,236205228,56722880,0,0,0,0,0,0,0,0,0,0,0,0,0,0,0,0,0,0,0,0,0,0,0,0,0,0,0,0,0,0,0,0,0,0,0,0,0,0,0,0,0,0,0,0,0,0,0,0,0,0,0,0,0,0,0,0,0,0,0,0,0,0,0,0,0,0,0,0,0,0,0,0,0,0,0,0,0,0,0,0,0,0,0,0,0,0,0,0,0,0,0,0,0,0,0,0,0,0,0,0,0,0,697,0,0,0,0,0,153,0,0,0,0,0,0,0
720575940620689524,931650882,4323455643753255096,752.2184109687811,710,1.184861332643778,1.7188484594225892,1.0079419476678606,0.038733753602627805,1.0600663791410625,0.9895481504499918,3362452,1669308,433000,3362612,1668832,432920,0,0,0,0,0,0,0,0,0,0,0,0,0,0,0,0,0,0,0,0,0,0,0,0,0,0,0,0,0,0,0,0,0,0,0,0,0,0,0,0,0,0,0,0,0,0,0,0,0,0,0,0,0,0,0,0,0,0,0,0,0,0,0,0,0,0,0,0,0,0,0,0,0,0,0,0,0,0,0,0,0,0,0,0,0,0,0,0,0,0,0,0,0,0,0,0,0,0,0,0,0,0,0,0,0,0,0,0,0,0,0,0,5,1,0,0
720575940621061285,143878510,2161727821831381542,512.7955093383788,414,1.9593840884044764,0.039068283513188404,0.03062553806375942,0.0007966754800623063,0.390800182009116,0.5793251534923909,1377244,771528,151920,1377208,771280,151920,0,0,0,0,0,0,0,0,0,0,0,0,0,0,0,0,0,0,0,0,0,0,0,0,0,0,0,0,0,0,0,0,0,0,0,0,0,0,0,0,0,0,0,0,0,0,0,0,0,0,0,0,0,0,0,0,0,0,0,0,0,0,0,0,0,0,0,0,0,2,0,0,0,0,0,0,0,0,0,0,0,0,0,0,0,0,0,0,0,0,0,0,0,0,0,0,0,0,0,0,0,0,0,0,0,0,0,0,0,0,0,0,0,0,0,0
720575940621086996,183310026,720575940627677258,16.3328895568848,72,0.879974544048309,0.0824353247880936,0.0051344539970159,2.07952997044458e-08,0.0293571371585131,0.0030985441990196,595044,262028,70080,594896,261976,70080,0,0,0,0,0,0,0,0,0,0,0,0,0,0,0,0,0,0,0,0,0,0,0,0,0,0,0,0,0,0,0,0,0,0,0,0,0,0,0,0,0,0,0,0,0,0,0,0,0,0,0,0,0,0,0,0,0,0,0,0,0,0,0,0,0,0,0,0,0,0,0,0,0,0,0,0,0,0,0,0,0,0,0,0,0,0,0,0,0,0,0,0,0,0,0,0,0,0,0,0,0,0,0,0,0,0,0,0,1,0,0,0,0,0,0,0
720575940621164927,154129899,720575940613191591,77.4685516357422,146,0.897541344165802,0.0022667713928967,0.0993123874068259,7.32925991542288e-06,0.0004238805267959,0.0004482862423174,456064,266560,95760,456184,266536,95760,0,0,0,0,0,0,0,0,0,0,0,0,0,0,0,0,0,0,0,0,0,0,0,0,0,0,0,0,0,0,0,0,0,0,0,0,0,0,0,0,0,0,0,0,0,0,0,0,0,0,0,0,0,0,0,0,0,0,0,0,0,0,0,0,0,0,0,0,0,0,0,0,0,0,0,0,0,0,0,0,0,0,0,0,0,0,0,0,0,0,0,0,0,0,0,0,0,0,0,0,0,0,0,0,0,0,0,0,0,1,0,0,0,0,0,0
720575940621251818,614435153,2882303762511344149,1596.6347398757982,576,0.3947353300172836,0.1109755961224435,3.4812117815017714,0.00011016226470417228,0.0026938905066342996,0.010273411695379599,1821772,1056216,314160,1821380,1056504,314240,0,0,0,0,0,0,0,0,0,0,0,0,0,0,0,0,0,0,0,0,0,0,0,0,0,0,0,0,0,0,0,0,0,0,0,0,0,0,0,0,0,0,0,0,0,0,0,0,0,0,0,0,0,0,0,0,0,0,0,0,0,0,0,0,0,0,0,0,0,0,0,0,0,0,0,0,0,0,0,0,0,0,0,0,0,0,0,0,0,0,0,0,0,0,0,0,0,0,0,0,0,0,0,0,0,0,0,0,0,0,0,0,0,1,0,0
720575940621298270,10275006020,-3170534114149757278,19441.505074024204,12404,35.03782265377231,10.513676079966897,4.517020948696424,1.0091673805148422,20.91521770150682,26.007095347344144,45939932,24279456,6726320,45940896,24280596,6726560,0,0,0,0,0,0,0,0,0,0,0,0,0,0,0,0,0,0,0,0,0,0,0,1,0,0,0,0,0,0,0,0,0,0,0,0,0,0,0,0,0,0,0,0,0,0,0,0,0,0,0,0,0,0,0,0,0,0,0,0,0,0,0,0,0,0,0,2,0,0,0,0,0,0,0,0,0,0,0,0,0,0,0,0,0,0,0,0,0,0,0,0,0,0,0,0,0,0,0,0,0,1,0,22,0,38,0,3,0,0,0,0,0,0,0,0
720575940621398254,25641518919,1873497501440291614,44093.028502464294,30804,145.9545594395604,29.123749604311566,19.239476277673493,0.10086721434267745,16.908688372816986,21.672659322950505,109079412,58829712,17880520,109083660,58833184,17881400,0,0,0,0,0,0,0,0,0,0,0,0,0,0,0,0,0,0,0,0,0,0,0,2,0,0,0,0,0,0,0,0,0,0,0,0,0,0,0,0,0,0,0,0,0,0,0,0,0,0,0,0,0,0,0,0,0,0,0,0,0,0,0,0,0,0,0,0,0,0,0,0,0,0,0,0,0,0,0,0,0,0,0,0,0,0,0,0,0,0,0,0,0,0,0,0,0,0,0,0,0,6,0,38,0,24,0,36,0,13,0,35,0,42,0,0
720575940621441494,232605584,1441151881275267691,652.6766815185547,241,0.34250223636627253,0.572489585727453,1.052478671073914,0.006188847182784099,0.0162963740876875,0.0100442429538815,1034600,518176,169320,1034388,517996,169360,0,0,0,0,0,0,0,0,0,0,0,0,0,0,0,0,0,0,0,0,0,0,0,0,0,0,0,0,0,0,0,0,0,0,0,0,0,0,0,0,0,0,0,0,0,0,0,0,0,0,0,0,0,0,0,0,0,0,0,0,0,0,0,0,0,0,0,0,0,0,0,0,0,0,0,0,0,0,0,0,0,0,0,0,0,0,0,0,0,0,0,0,0,0,0,0,0,0,0,0,0,0,0,0,0,0,1,1,0,0,0,0,0,0,0,0
720575940621470028,206208284,720575940627150991,398.249328613281,152,0.0252679511904716,0.825243532657623,0.0006540523609146,5.91259376960807e-05,0.0027935816906392,0.145981729030609,439736,253224,83120,439600,253220,83120,0,0,0,0,0,0,0,0,0,0,0,0,0,0,0,0,0,0,0,0,0,0,0,0,0,0,0,0,0,0,0,0,0,0,0,0,0,0,0,0,0,0,0,0,0,0,0,0,0,0,0,0,0,0,0,0,0,0,0,0,0,0,0,0,0,0,0,0,0,0,0,0,0,0,0,0,0,0,0,0,0,0,0,0,0,0,0,0,0,0,0,0,0,0,0,0,0,0,0,0,0,0,0,0,0,0,0,0,0,0,0,1,0,0,0,0
720575940621500865,14193395,720575940623209703,6.66141557693481,144,0.168566361069679,0.0309106782078743,0.0137352971360087,4.50073400770634e-07,0.77156275510788,0.0152244195342064,596396,260292,64120,596488,260252,64120,0,0,0,0,0,0,0,0,0,0,0,0,0,0,0,0,0,0,0,0,0,0,0,0,0,0,0,0,0,0,0,0,0,0,0,0,0,0,0,0,0,0,0,0,0,0,0,0,0,0,0,0,0,0,0,0,0,0,0,0,0,0,0,0,0,0,0,0,0,0,0,0,0,0,0,0,0,0,0,0,0,0,0,0,0,0,0,0,0,0,0,0,0,0,0,0,0,0,0,0,0,0,1,0,0,0,0,0,0,0,0,0,0,0,0,0
720575940621542747,13530033423,4323455675365119277,20224.634526252747,17986,42.54812800561091,18.758057113385714,5.678415431072325,0.061705917700366555,50.027395101631555,16.926298761998993,77322952,35706260,8730560,77323256,35705948,8730880,0,0,0,0,0,0,0,0,0,0,0,0,0,0,0,0,0,0,0,0,0,0,0,0,0,0,0,0,0,0,0,0,0,0,0,0,0,0,0,0,0,0,0,0,0,0,0,0,0,0,0,0,0,0,0,0,0,0,0,0,0,0,0,0,0,0,0,0,0,0,0,0,0,0,0,0,0,0,0,0,0,0,0,0,0,0,0,0,0,0,0,0,0,0,1,0,0,0,0,0,3,0,13,0,31,0,38,0,2,0,2,0,22,0,3,0
720575940621585279,14530773968,720575972119960880,21063.665307044987,17787,47.88873975398019,27.073071570004686,1.4845384175176215,0.00616138724882143,29.91664117518712,22.630847083406934,75293252,33411400,7690400,75291892,33410008,7690520,0,0,0,0,0,0,0,0,0,0,0,0,0,0,0,0,0,0,0,0,0,0,0,0,0,0,0,0,0,0,0,0,0,0,0,0,0,0,0,0,0,0,0,0,0,0,0,0,0,0,0,0,0,0,0,0,0,0,0,0,0,0,0,0,0,0,0,0,0,0,0,0,0,0,0,0,0,0,0,0,0,0,0,0,0,0,0,0,0,0,0,0,0,0,0,0,0,0,0,0,6,0,35,0,37,0,7,0,12,0,10,0,0,0,0,0
720575940621659563,117063374573,-5332261670122186516,205045.78137969974,181410,134.2072002926195,833.8555510635938,176.07349959499032,7.386547201711835,309.24562330843855,42.231579176375725,893116668,408952964,113733040,893121220,408972712,113739800,0,0,0,0,0,0,0,0,0,0,0,0,0,0,0,0,0,0,0,0,0,0,0,0,0,0,0,0,0,0,0,0,0,0,0,0,0,0,0,0,0,0,0,0,0,0,0,0,0,0,0,0,0,0,0,0,0,0,0,0,0,0,0,0,0,0,0,0,0,0,0,0,0,0,0,0,0,0,0,0,0,0,0,0,0,0,0,0,0,0,0,0,0,0,0,0,0,0,0,0,0,0,0,0,0,0,0,0,1490,0,0,0,11,0,0,0
720575940621814054,152843332,720575940626580361,217.062408447266,155,0.160742595791817,0.531153500080109,0.182456538081169,0.0007155638886615,0.0206389855593443,0.104292862117291,461760,257916,90320,461864,257980,90360,0,0,0,0,0,0,0,0,0,0,0,0,0,0,0,0,0,0,0,0,0,0,0,0,0,0,0,0,0,0,0,0,0,0,0,0,0,0,0,0,0,0,0,0,0,0,0,0,0,0,0,0,0,0,0,0,0,0,0,0,0,0,0,0,0,0,0,0,0,0,0,0,0,0,0,0,0,0,0,0,0,0,0,0,0,0,0,0,0,0,0,0,0,0,0,0,0,0,0,0,0,0,0,0,0,0,0,0,0,1,0,0,0,0,0,0
720575940621831804,13869593373,-4755801177092222400,15704.968001842504,16136,36.77651850190341,61.43409147861758,7.254648282001806,3.6009870414125698,36.668292237823444,1.2654624845238183,87515260,40377548,11283080,87514528,40375896,11284600,0,0,0,0,0,0,0,0,0,0,0,0,0,0,0,0,0,0,0,0,0,0,0,0,0,0,0,0,0,0,0,0,0,0,0,0,0,0,0,0,0,0,0,0,0,0,0,0,0,0,0,0,0,0,0,0,0,0,0,0,0,0,0,0,0,0,0,0,0,0,0,0,0,0,0,0,0,0,0,0,0,0,0,0,0,0,0,0,0,0,0,0,0,0,0,0,0,0,0,0,0,0,0,0,0,0,0,0,145,0,0,0,0,0,0,0
720575940622054497,1005195651,5044031584524605596,1985.9816036224377,852,2.1990859867073596,0.213239242788404,3.6176582649350166,0.001599299830786347,0.26646429364973323,0.7019528214368619,3341252,1867608,566280,3341452,1868004,566320,0,0,0,0,0,0,0,0,0,0,0,0,0,0,0,0,0,0,0,0,0,0,0,0,0,0,0,0,0,0,0,0,0,0,0,0,0,0,0,0,0,0,0,0,0,0,0,0,0,0,0,0,0,0,0,0,0,0,0,0,0,0,0,0,0,0,0,0,0,0,0,0,0,0,0,0,0,0,0,0,0,0,0,0,0,0,0,0,0,0,0,0,0,0,0,0,0,0,0,0,0,0,0,0,0,4,0,0,0,0,0,0,0,0,0,0
720575940622338742,4459743430,-3026418937814410597,8663.78200674057,6371,17.749790257308636,9.96130802679181,1.5184412468253168,0.0034399217451826477,8.296366450127493,9.470654377666506,27286304,12449440,2830760,27286368,12449344,2830920,0,0,0,0,0,0,0,0,0,0,0,0,0,0,0,0,0,0,0,0,0,0,0,0,0,0,0,0,0,0,0,0,0,0,0,0,0,0,0,0,0,0,0,0,0,0,0,0,0,0,0,0,0,0,0,0,0,0,0,0,0,0,0,0,0,0,0,0,0,0,0,0,0,0,0,0,0,0,0,0,0,0,0,0,0,0,0,0,0,0,0,0,0,0,0,0,0,0,0,0,3,0,5,0,24,0,3,0,1,0,1,0,0,0,0,0
720575940622457443,40683340743,-8646911193334738015,62542.14698410035,52246,125.30794795835311,152.35896719394964,4.554866484247616,0.014323141852650996,61.29261296472617,28.471282256104512,216166500,95709920,23216640,216167260,95709304,23216640,0,0,0,0,0,0,0,0,0,0,0,0,0,0,0,0,0,0,0,0,0,0,0,0,0,0,0,0,0,0,0,0,0,0,0,0,0,0,0,0,0,0,0,0,0,0,0,0,0,0,0,0,0,0,0,0,0,0,0,0,0,0,0,0,0,0,0,0,0,0,0,0,0,0,0,0,2,0,0,0,0,0,0,0,0,0,0,0,0,0,0,0,0,0,0,0,0,0,0,0,29,0,102,0,20,0,42,0,32,0,78,0,1,0,2,0
720575940622491632,207418470,1441151881233959544,418.7087402343746,230,0.1417702883481979,1.0912569761276238,0.0533860139548778,0.0085599927115253,0.20436601340770688,0.500660791993141,939724,474048,162000,939804,474272,162040,0,0,0,0,0,0,0,0,0,0,0,0,0,0,0,0,0,0,0,0,0,0,0,0,0,0,0,0,0,0,0,0,0,0,0,0,0,0,0,0,0,0,0,0,0,0,0,0,0,0,0,0,0,0,0,0,0,0,0,0,0,0,0,0,0,0,0,0,0,0,0,0,0,0,0,0,0,0,0,0,0,0,0,0,0,0,0,0,0,0,0,0,0,0,0,0,0,0,0,0,0,0,0,0,0,0,0,0,0,0,0,2,0,0,0,0
720575940622625279,333009002,2161727821852530079,202.75331258773824,335,0.4583731358870866,1.247977994382381,1.1671926554990928,0.0005282700076348417,0.05574158247600276,0.07018638902809461,1466168,758300,246080,1466292,758212,246040,0,0,0,0,0,0,0,0,0,0,0,0,0,0,0,0,0,0,0,0,0,0,0,0,0,0,0,0,0,0,0,0,0,0,0,0,0,0,0,0,0,0,0,0,0,0,0,0,0,0,0,0,0,0,0,0,0,0,0,0,0,0,0,0,0,0,0,0,0,0,0,0,0,0,0,0,0,0,0,0,0,0,0,0,0,0,0,0,0,0,0,0,0,0,0,0,0,0,0,0,0,0,0,0,0,1,0,1,0,0,0,1,0,0,0,0
720575940622637575,205399374,720575940618531544,82.2510223388672,65,0.0104281017556787,0.0166595615446568,0.0234461221843958,2.46421768679284e-05,0.945272922515869,0.0041686734184622,486144,241704,83760,486136,241800,83760,0,0,0,0,0,0,0,0,0,0,0,0,0,0,0,0,0,0,0,0,0,0,0,0,0,0,0,0,0,0,0,0,0,0,0,0,0,0,0,0,0,0,0,0,0,0,0,0,0,0,0,0,0,0,0,0,0,0,0,0,0,0,0,0,0,0,0,0,0,0,0,0,0,0,0,0,0,0,0,0,0,0,0,0,0,0,0,0,0,0,0,0,0,0,0,0,0,0,0,0,0,0,0,0,0,0,0,0,0,0,0,1,0,0,0,0
720575940622650879,12755622892,-3602879671649043868,21744.238683223728,16804,47.32664450327866,30.776810423441923,2.030365401697063,0.0045836878143240885,26.75383344768086,16.107762929338605,71494552,31530720,7205640,71492840,31531400,7205600,0,0,0,0,0,0,0,0,0,0,0,0,0,0,0,0,0,0,0,0,0,0,2,0,0,0,0,0,0,0,0,0,0,0,0,0,0,0,0,0,0,0,0,0,0,0,0,0,0,0,0,0,0,0,0,0,0,0,0,0,0,0,0,0,0,0,0,0,0,0,0,0,0,0,0,0,0,0,0,0,0,0,0,0,0,0,0,0,0,0,0,0,0,0,0,0,0,0,0,0,7,0,42,0,21,0,15,0,0,0,7,0,1,0,0,0
720575940622700749,83619438725,4323455802026118690,213826.1557836533,116299,56.363765366164436,636.3021997436299,31.817304911327074,4.173839632957219,105.35512872605521,67.9877610545518,417112964,227371828,68530440,417119996,227376388,68536080,0,0,0,0,0,0,0,0,0,0,0,0,0,0,0,0,0,0,0,0,0,0,0,0,0,0,0,0,0,0,0,0,0,0,0,0,0,0,0,0,0,0,0,0,0,0,0,0,0,0,0,0,0,0,0,0,0,0,0,0,0,0,0,0,0,0,0,0,0,0,0,0,0,0,0,0,0,0,0,0,0,0,0,0,0,0,0,0,0,0,0,0,0,0,0,0,0,0,0,0,0,0,0,548,0,3,0,0,0,152,0,81,0,0,0,0
720575940622920074,4636627180,2017612646003987337,11304.771450996399,7000,16.944970819211445,7.548736290686065,2.311674345729443,0.18701523555930374,12.539062192183335,14.468541003438077,25305084,13424824,3775800,25304924,13424560,3775720,0,0,0,0,0,0,0,0,0,0,0,0,0,0,0,0,0,0,0,0,0,0,0,2,0,0,0,0,0,0,0,0,0,0,0,0,0,0,0,0,0,0,0,0,0,0,0,0,0,0,0,0,0,0,0,0,0,0,0,0,0,0,0,0,0,0,0,0,0,0,0,0,0,0,0,0,0,0,0,0,0,0,0,0,0,0,0,0,0,0,0,0,0,0,0,0,0,0,0,0,0,2,0,13,0,13,0,3,0,0,0,2,0,0,0,0
720575940623000858,115445485392,8358681152521072359,199184.98746442798,137419,617.6344704010116,299.05623268961824,11.872631960010146,1.0712042705077345,31.510944469001455,48.85451892294023,477973936,252924544,74875200,477973392,252919172,74876680,0,0,0,0,0,0,0,0,0,0,0,0,0,0,0,0,0,0,0,0,0,0,0,4,0,0,0,4,0,0,0,0,0,0,0,0,0,0,0,0,0,0,0,1,0,0,0,0,0,0,0,0,0,0,0,0,0,0,0,0,0,0,0,0,0,0,0,0,0,0,0,0,0,0,0,0,0,0,0,0,0,0,0,0,0,0,0,0,0,0,0,0,0,0,0,0,0,0,0,0,0,44,0,143,0,322,0,121,0,36,0,81,0,21,0,0
720575940623136717,13278405544,-4323455612935368277,23861.043443679813,16143,40.39088367065415,22.341252883750712,3.0838204747146833,0.04737472237922522,20.975991976025394,35.160676861414686,57355076,30232072,8656280,57355268,30234444,8656480,0,0,0,0,0,0,0,0,0,0,0,0,0,0,0,0,0,0,0,0,0,0,0,0,0,0,0,0,0,0,0,0,0,0,0,0,0,0,0,0,0,0,0,0,0,0,0,0,0,0,0,0,0,0,0,0,0,0,0,0,0,0,0,0,0,0,0,3,0,0,0,0,0,0,0,0,0,0,0,0,0,0,0,0,0,0,0,0,0,0,0,0,0,0,0,0,0,0,0,0,0,10,0,23,0,27,0,8,0,3,0,10,0,1,0,4
720575940623280311,979083051,6485183465692674521,2305.297401428223,1101,0.5492648000363255,0.7836323776282372,6.522280730307103,0.017709852680127064,0.0965739674720679,1.0305382888182064,4085940,2355132,710680,4085844,2355132,710520,0,0,0,0,0,0,0,0,0,0,0,0,0,0,0,0,0,0,0,0,0,0,0,0,0,0,0,0,0,0,0,0,0,0,0,0,0,0,0,0,0,0,0,0,0,0,0,0,0,0,0,0,0,0,0,0,0,0,0,0,0,0,0,0,0,0,0,0,0,0,0,0,0,0,0,0,0,0,0,0,0,0,0,0,0,0,0,0,0,0,0,0,0,0,0,0,0,0,0,0,0,0,0,0,0,0,0,0,0,5,0,0,0,1,0,0
720575940623636701,1889602662,-3314649320791930061,3280.9445571899396,2815,12.858691111207008,4.84074078523554,0.4959180997984726,0.003897182022429818,0.5570702494478608,2.2436825561235305,9815000,5231808,1519800,9815044,5231516,1520200,0,0,0,0,0,0,0,0,0,0,0,0,0,0,0,0,0,0,0,0,0,0,0,0,0,0,0,0,0,0,0,0,0,0,0,0,0,0,0,0,0,0,0,0,0,0,0,0,0,0,0,0,0,0,0,0,0,0,0,0,0,0,0,0,0,0,0,0,0,0,0,0,0,0,0,0,0,0,0,0,0,0,0,0,0,0,0,0,0,0,0,0,0,0,0,0,0,0,0,0,0,0,0,15,0,1,0,0,0,0,0,2,0,0,0,0
720575940623788040,84929986940,-3602879517285665687,133166.66923713684,101049,402.3320838483305,72.17677859946882,28.59265182927352,1.0906035085238346,105.06944369578088,153.73843928285868,358691888,190014872,58958840,358687724,190015204,58960880,0,0,0,0,0,0,0,0,0,0,0,0,0,0,0,0,0,0,0,0,0,0,0,2,0,0,0,0,0,0,0,0,0,0,0,0,0,0,0,0,0,0,0,0,0,0,0,0,0,0,0,0,0,0,0,0,0,0,0,0,0,0,0,0,0,0,0,2,0,0,0,0,0,0,0,0,0,0,0,0,0,0,0,0,0,0,0,0,0,0,0,0,0,0,0,0,0,0,0,0,0,26,0,133,0,124,0,45,0,83,0,208,0,23,0,1
720575940623793741,163358296944,-2449957849463414408,491224.952908516,250579,49.22971730727562,1741.2006311795558,13.408837037782142,2.696944343346803,25.282914336542266,59.18095944692046,894811404,483657732,140978440,894811424,483668216,140988000,0,0,0,0,0,0,0,0,0,0,0,0,0,0,0,0,0,0,0,0,0,0,0,0,0,0,0,0,0,0,0,0,0,0,0,0,0,0,0,0,0,0,0,0,0,0,0,0,0,0,0,0,0,0,0,0,0,0,0,0,0,0,0,0,0,0,0,0,0,0,0,0,0,0,0,0,0,0,0,0,0,0,0,0,0,0,0,0,0,0,0,0,0,0,0,0,0,0,0,0,0,27,0,7,0,1494,0,0,0,0,0,28,0,12,0,7
720575940623955637,7009283499,-7782220139864806264,9895.145802974705,8843,33.86770052835346,15.190182116588403,1.436435509924648,0.0034857007888100516,12.283735072585493,3.218461154780015,38534852,16783548,4003200,38534560,16784652,4003320,0,0,0,0,0,0,0,0,0,0,0,0,0,0,0,0,0,0,0,0,0,0,0,0,0,0,0,0,0,0,0,0,0,0,0,0,0,0,0,0,0,0,0,0,0,0,0,0,0,0,0,0,0,0,0,0,0,0,0,0,0,0,0,0,0,0,0,0,0,0,0,0,0,0,0,0,0,0,0,0,0,0,0,0,0,0,0,0,0,0,0,0,0,0,2,0,0,0,0,0,0,0,20,0,15,0,0,0,0,0,25,0,0,0,0,0
720575940624330281,182647902,720575940631875298,89.564453125,147,0.0933673456311226,0.0533277802169323,0.0011746777454391,1.89924818982945e-07,0.851875245571137,0.0002547603507991,581104,284056,69800,581160,283940,69800,0,0,0,0,0,0,0,0,0,0,0,0,0,0,0,0,0,0,0,0,0,0,0,0,0,0,0,0,0,0,0,0,0,0,0,0,0,0,0,0,0,0,0,0,0,0,0,0,0,0,0,0,0,0,0,0,0,0,0,0,0,0,0,0,0,0,0,0,0,0,0,0,0,0,0,0,0,0,0,0,0,0,0,0,0,0,0,0,0,0,0,0,0,0,0,0,0,0,0,0,0,0,0,0,0,0,0,0,0,0,0,0,0,0,0,0
720575940624435128,33786534012,-9223371958497073271,52691.63629198075,43932,74.53115673759486,61.57107035968829,7.073462555871386,0.04781107491441455,143.13707994928336,33.63941975251729,186482552,83398496,19711400,186479932,83395396,19712520,0,0,0,0,0,0,0,0,0,0,0,0,0,0,0,0,0,0,0,0,0,0,0,0,0,0,0,0,0,0,0,0,0,0,0,0,0,0,0,0,0,0,0,0,0,0,0,0,0,0,0,0,0,0,0,0,0,0,0,0,0,0,0,0,0,0,0,0,0,0,0,0,0,0,0,0,1,0,0,0,0,0,0,0,0,0,0,0,0,0,0,0,0,0,3,0,0,0,0,0,21,0,100,0,54,0,39,0,24,0,25,0,6,0,1,0
720575940624450342,5036477235,7493989788696182330,6824.187027454377,4976,15.990580754354594,11.892729054670781,2.4279212050871295,0.0027411898520297404,1.4874755116475158,4.198552003275835,17091968,9546404,2948920,17091940,9545316,2948760,0,0,0,0,0,0,0,0,0,0,0,0,0,0,0,0,0,0,0,0,0,0,0,0,0,0,0,0,0,0,0,0,0,0,0,0,0,0,0,0,0,0,0,0,0,0,0,0,0,0,0,0,0,0,0,0,0,0,0,0,0,0,0,0,0,0,0,0,0,0,0,0,0,0,0,0,0,0,0,0,0,0,0,0,0,0,0,0,0,0,0,0,0,0,0,0,0,0,0,0,0,0,0,0,0,22,0,7,0,0,0,0,0,3,0,0
720575940624832743,11724182270,-288230351002378850,17028.044578075413,13590,43.05147476808634,18.80829117227404,2.0531131844354586,0.007157721270487477,17.33839810682184,20.74156590653001,59347536,26706044,6289440,59349904,26706292,6289680,0,0,0,0,0,0,0,0,0,0,0,0,0,0,0,0,0,0,0,0,0,0,0,0,0,0,0,0,0,0,0,0,0,0,0,0,0,0,0,0,0,0,0,0,0,0,0,0,0,0,0,0,0,0,0,0,0,0,0,0,0,0,0,0,0,0,0,0,0,0,0,0,0,0,0,0,0,0,0,0,0,0,0,0,0,0,0,0,0,0,0,0,0,0,0,0,0,0,0,0,5,0,26,0,25,0,13,0,8,0,11,0,3,0,0,0
720575940625148174,87415642470,8070450696816231591,198756.43635511398,129209,56.30791166592096,700.1966750414576,17.90959286590082,0.46651007063817307,164.52476252632795,44.59454736310872,580220904,258833824,63261560,580227080,258838076,63264960,0,0,0,0,0,0,0,0,0,0,0,0,0,0,0,0,0,0,0,0,0,0,0,0,0,0,0,0,0,0,0,0,0,0,0,0,0,0,0,0,0,0,0,0,0,0,0,0,0,0,0,0,0,0,0,0,0,0,0,0,0,0,0,0,0,0,0,0,0,0,0,0,0,0,0,0,0,0,0,0,0,0,0,0,0,0,0,0,0,0,0,0,0,0,0,0,0,0,0,0,0,0,543,0,0,0,0,0,267,0,0,0,8,0,0,0
720575940625293514,140291612976,-864690894361648407,194308.0739645958,143966,136.42889726846533,702.1826111986437,76.29950947205825,19.27331259228557,201.4367772256063,66.37889276072302,545437480,313098440,105039640,545431660,313101704,105048360,0,0,0,0,0,0,0,0,0,0,0,0,0,0,0,0,0,0,0,0,0,0,0,0,0,0,0,0,0,0,0,0,0,0,0,0,0,0,0,0,0,0,0,0,0,0,0,0,0,0,0,0,0,0,0,0,0,0,0,0,0,0,0,0,0,0,0,0,0,0,0,0,0,0,0,0,0,0,0,0,0,0,0,0,0,0,0,0,0,0,0,0,0,0,0,0,0,0,0,0,0,0,0,0,0,0,0,0,0,1182,0,0,0,0,0,0
720575940625584484,12016436363,1873497470806647072,16825.69273662567,14584,24.067307331089978,41.903756300947855,0.8500939637069622,0.0025757442697387977,25.120995893256634,13.055270539636695,61170404,26898012,6039520,61170352,26897512,6039760,0,0,0,0,0,0,0,0,0,0,0,0,0,0,0,0,0,0,0,0,0,0,0,0,0,0,0,0,0,0,0,0,0,0,0,0,0,0,0,0,0,0,0,0,0,0,0,0,0,0,0,0,0,0,0,0,0,0,0,0,0,0,0,0,0,0,0,0,0,0,0,0,0,0,0,0,0,0,0,0,0,0,0,0,0,0,0,0,0,0,0,0,0,0,0,0,0,0,0,0,5,0,43,0,16,0,7,0,1,0,11,0,0,0,0,0
720575940625657928,61502679758,-3170534039564522435,116044.96506500246,78413,40.27451011358152,438.6212778710742,9.27254977579146,0.6403896647025512,104.83385341957104,16.357419239995057,358997496,159711896,38589440,359001632,159721360,38592080,0,0,0,0,0,0,0,0,0,0,0,0,0,0,0,0,0,0,0,0,0,0,0,0,0,0,0,0,0,0,0,0,0,0,0,0,0,0,0,0,0,0,0,0,0,0,0,0,0,0,0,0,0,0,0,0,0,0,0,0,0,0,0,0,0,0,0,0,0,0,0,0,0,0,0,0,0,0,0,0,0,0,0,0,0,0,0,0,0,0,0,0,0,0,0,0,0,0,0,0,0,0,426,0,0,0,0,0,118,0,0,0,4,0,0,0
720575940625868184,67281403368,-9079256726440208878,123040.61280870438,83189,20.60310897266776,542.7393028754741,13.683692076476742,1.5260503992261527,51.76297247319751,22.684874147313884,359344272,157320812,48913400,359348436,157311472,48919480,0,0,0,0,0,0,0,0,0,0,0,0,0,0,0,0,0,0,0,0,0,0,0,0,0,0,0,0,0,0,0,0,0,0,0,0,0,0,0,0,0,0,0,0,0,0,0,0,0,0,0,0,0,0,0,0,0,0,0,0,0,0,0,0,0,0,0,0,0,0,0,0,0,0,0,0,0,0,0,0,0,0,0,0,0,0,0,0,0,0,0,0,0,0,0,0,0,0,0,0,0,0,0,0,0,0,0,0,0,0,397,220,0,0,0,0
720575940625868440,171727213,720575940651079158,51.80314636230471,145,0.070306621491909,0.8345457911491391,0.0201483797281981,0.0015392184723168,0.0147989336401224,0.0586609989404678,469220,271388,62880,469328,271328,62880,0,0,0,0,0,0,0,0,0,0,0,0,0,0,0,0,0,0,0,0,0,0,0,0,0,0,0,0,0,0,0,0,0,0,0,0,0,0,0,0,0,0,0,0,0,0,0,0,0,0,0,0,0,0,0,0,0,0,0,0,0,0,0,0,0,0,0,0,0,0,0,0,0,0,0,0,0,0,0,0,0,0,0,0,0,0,0,0,0,0,0,0,0,0,0,0,0,0,0,0,0,0,0,0,0,0,0,0,0,0,0,0,0,0,0,1
720575940625977802,71455571,2161727821896809977,684.3081378936764,430,0.0687802769243717,0.5803737491369252,0.0036959560384274004,2.437068104654828e-06,2.342743039131164,0.0044046082184648,1739688,782628,181920,1739372,782520,181920,0,0,0,0,0,0,0,0,0,0,0,0,0,0,0,0,0,0,0,0,0,0,0,0,0,0,0,0,0,0,0,0,0,0,0,0,0,0,0,0,0,0,0,0,0,0,0,0,0,0,0,0,0,0,0,0,0,0,0,0,0,0,0,0,0,0,0,0,0,0,0,0,0,0,0,0,0,0,0,0,0,0,0,0,0,0,0,0,0,0,0,0,0,0,0,0,0,0,0,0,0,0,0,0,3,0,0,0,0,0,0,0,0,0,0,0
720575940626074378,13547700632,3602879733599588871,24694.533163070682,18383,35.7478852532804,69.4174718526192,22.190424165106375,0.13186765359371674,1.322917753295708,4.189432758648759,60535440,34855840,11906360,60539044,34860436,11906480,0,0,0,0,0,0,0,0,0,0,0,0,0,0,0,0,0,0,0,0,0,0,0,0,0,0,0,0,0,0,0,0,0,0,0,0,0,0,0,0,0,0,0,0,0,0,0,0,0,0,0,0,0,0,0,0,0,0,0,0,0,0,0,0,0,0,0,0,0,0,0,0,0,0,0,0,0,0,0,0,0,0,0,0,0,0,0,0,0,0,0,0,0,0,0,0,0,0,0,0,0,0,0,0,0,0,0,0,0,133,0,0,0,0,0,0
720575940626378242,134899283,720575940633059381,8.58923435211182,161,0.33044770359993,0.119496680796146,0.513516247272491,0.00028148322599,0.0198587290942669,0.0163991618901491,580732,268472,65960,580772,268488,66040,0,0,0,0,0,0,0,0,0,0,0,0,0,0,0,0,0,0,0,0,0,0,0,0,0,0,0,0,0,0,0,0,0,0,0,0,0,0,0,0,0,0,0,0,0,0,0,0,0,0,0,0,0,0,0,0,0,0,0,0,0,0,0,0,0,0,0,0,0,0,0,0,0,0,0,0,0,0,0,0,0,0,0,0,0,0,0,0,0,0,0,0,0,0,0,0,0,0,0,0,0,0,0,0,1,0,0,0,0,0,0,0,0,0,0,0
720575940626580361,83326947032,2305843167217865285,185909.25128507617,107778,82.36327321411589,532.4271598180303,31.177052819731724,11.598512078758752,141.43017382297052,49.00383098216661,391960192,214222836,64373480,391964132,214222508,64377920,0,0,0,0,0,0,0,0,0,0,0,0,0,0,0,0,0,0,0,0,0,0,0,0,0,0,0,0,0,0,0,0,0,0,0,0,0,0,0,0,0,0,0,0,0,0,0,0,0,0,0,0,0,0,0,0,0,0,0,0,0,0,0,0,0,0,0,0,0,0,0,0,0,0,0,0,0,0,0,0,0,0,0,0,0,0,0,0,0,0,0,0,0,0,0,0,0,0,0,0,0,0,0,534,0,0,0,0,0,187,0,81,0,0,0,0
720575940626624275,4793428514,-8791026463052981189,11400.954674720766,5066,27.187494099140167,5.687737464126258,2.244349528485244,0.008045335615258997,1.8816792126759894,1.9906942449279081,18025640,9469324,3274160,18026100,9470892,3274080,0,0,0,0,0,0,0,0,0,0,0,0,0,0,0,0,0,0,0,0,0,0,0,0,0,0,0,0,0,0,0,0,0,0,0,0,0,0,0,0,0,0,0,0,0,0,0,0,0,0,0,0,0,0,0,0,0,0,0,0,0,0,0,0,0,0,0,0,0,0,0,0,0,0,0,0,0,0,0,0,0,0,0,0,0,0,0,0,0,0,0,0,0,0,0,0,0,0,0,0,0,0,0,2,0,0,0,0,0,0,0,36,0,0,0,0
720575940626741552,1514981818,-6917529023724925147,1337.7613716125488,2149,0.06751895273308446,0.8270542639736518,0.0016245091338999507,9.514819654810495,5.171096157025242,0.41788650081741113,8568436,4101272,1029400,8567900,4100488,1029240,0,0,0,0,0,0,0,0,0,0,0,0,0,0,0,0,0,0,1,0,0,0,0,0,0,0,0,0,0,0,0,0,0,0,0,0,0,0,0,0,0,0,0,0,0,0,0,0,0,0,0,0,0,0,0,0,0,0,0,0,0,0,0,0,0,0,0,0,0,0,0,0,0,0,0,0,0,0,0,0,0,0,0,0,0,0,0,0,0,0,0,0,0,0,0,0,0,0,0,0,0,0,4,3,1,2,1,1,1,0,0,0,1,0,0,0
720575940627349860,214953075,2161727821885795280,118.00273227691649,433,6.161161680751098e-05,0.00023135196885967776,2.3018189186041496e-05,1.4577738374136155e-05,2.999540150165558,0.00012951553706832134,1717112,795260,212320,1717176,794984,212360,0,0,0,0,0,0,0,0,0,0,0,0,0,0,0,0,0,0,0,0,0,0,0,0,0,0,0,0,0,0,0,0,0,0,0,0,0,0,0,0,0,0,0,0,0,0,0,0,0,0,0,0,0,0,0,0,0,0,0,0,0,0,0,0,0,0,0,0,0,0,0,0,0,0,0,0,0,0,0,0,0,0,0,0,0,0,0,0,0,0,0,0,0,0,0,0,0,0,0,0,0,0,0,0,0,0,2,0,0,0,0,0,0,0,0,0
720575940627605779,3670835423,2449958204426020844,4473.1617469787625,3897,17.121666932478547,8.558637373556849,0.7604197366226796,0.0011108560403921205,0.9486558061493212,1.6095090588105447,13908640,7259696,2372120,13909792,7259480,2371920,0,0,0,0,0,0,0,0,0,0,0,0,0,0,0,0,0,0,0,0,0,0,0,0,0,0,0,0,0,0,0,0,0,0,0,0,0,0,0,0,0,0,0,0,0,0,0,0,0,0,0,0,0,0,0,0,0,0,0,0,0,0,0,0,0,0,0,0,0,0,0,0,0,0,0,0,0,0,0,0,0,0,0,0,0,0,0,0,0,0,0,0,0,0,0,0,0,0,0,0,0,0,0,10,0,0,0,10,0,0,0,9,0,0,0,0
720575940627677258,58773846518,7493989907884296740,80412.33235836029,79654,100.00330783629062,351.2106070129563,41.93818089913483,20.125533452356716,153.1912809930278,9.531088541134062,401636904,184719772,51196400,401638800,184725468,51200520,0,0,0,0,0,0,0,0,0,0,0,0,0,0,0,0,0,0,0,0,0,0,0,0,0,0,0,0,0,0,0,0,0,0,0,0,0,0,0,0,0,0,0,0,0,0,0,0,0,0,0,0,0,0,0,0,0,0,0,0,0,0,0,0,0,0,0,0,0,0,0,0,0,0,0,0,0,0,0,0,0,0,0,0,0,0,0,0,0,0,0,0,0,0,0,0,0,0,0,0,0,0,0,0,0,0,0,0,667,0,0,0,0,0,0,0
720575940627677514,118976188,720575940632714465,169.37219238281298,145,0.0060824793763458,0.689717888832092,0.292257010936737,3.54835890448157e-07,0.0082030622288584,0.0037392496597021,585800,281492,60160,585856,281392,60160,0,0,0,0,0,0,0,0,0,0,0,0,0,0,0,0,0,0,0,0,0,0,0,0,0,0,0,0,0,0,0,0,0,0,0,0,0,0,0,0,0,0,0,0,0,0,0,0,0,0,0,0,0,0,0,0,0,0,0,0,0,0,0,0,0,0,0,0,0,0,0,0,0,0,0,0,0,0,0,0,0,0,0,0,0,0,0,0,0,0,0,0,0,0,0,0,0,0,0,0,0,0,0,0,1,0,0,0,0,0,0,0,0,0,0,0
720575940627737365,7823933116,8791026493743516035,16828.954238414768,12622,20.17309289635159,33.70292627462186,1.0537360559317972,0.004608300143656183,15.61667057516388,18.448966701806057,41538104,21993460,6348720,41536792,21992128,6349240,0,0,0,0,0,0,0,0,0,0,0,0,0,0,0,0,0,0,0,0,0,0,0,3,0,0,0,0,0,0,0,0,0,0,0,0,0,0,0,0,0,0,0,0,0,0,0,0,0,0,0,0,0,0,0,0,0,0,0,0,0,0,0,0,0,0,0,1,0,0,0,0,0,0,0,0,0,0,0,0,0,0,0,0,0,0,0,0,0,0,0,0,0,0,0,0,0,0,0,0,0,7,0,43,0,5,0,2,0,2,0,10,0,0,0,0
720575940627927573,22877364271,-5620492287226856934,37231.25150012971,26115,132.80266465060413,21.45239925969736,13.749719358413694,0.04805627890322166,10.36838992977904,18.578772307156857,92793964,50068980,15354760,92795492,50068268,15355040,0,0,0,0,0,0,0,0,0,0,0,0,0,0,0,0,0,0,0,0,0,0,0,0,0,0,0,0,0,0,0,0,0,0,0,0,0,0,0,0,0,0,0,0,0,0,0,0,0,0,0,0,0,0,0,0,0,0,0,0,0,0,0,0,0,0,0,0,0,0,0,0,0,0,0,0,0,0,0,0,0,0,0,0,0,0,0,0,0,0,0,0,0,0,0,0,0,0,0,0,0,17,0,26,0,19,0,21,0,13,0,36,0,44,0,0
720575940627944464,145974489876,6917529320586983860,339227.5667142868,198219,55.97478188632439,1344.1048425709596,21.244790669871204,9.338627179824638,43.14912468394316,46.1878370146112,718396812,389000840,115456560,718395308,389000524,115460800,0,0,0,0,0,0,0,0,0,0,0,0,0,0,0,0,0,0,0,0,0,0,0,0,0,0,0,0,0,0,0,0,0,0,0,0,0,0,0,0,0,0,0,0,0,0,0,0,0,0,0,0,0,0,0,0,0,0,0,0,0,0,0,0,0,0,0,0,0,0,0,0,0,0,0,0,0,0,0,0,0,0,0,0,0,0,0,0,0,0,0,0,0,0,0,0,0,0,0,0,0,0,0,67,0,1292,0,0,0,0,0,0,0,13,0,5
720575940628059978,30090660409,-5188146697025929272,48060.87475776673,40925,82.13564383814082,65.23038410656727,5.480136217504642,0.1606867567286682,114.45347567254066,32.53967462882281,175302920,78230960,18581920,175302796,78230744,18582480,0,0,0,0,0,0,0,0,0,0,0,0,0,0,1,0,0,0,0,0,0,0,3,0,0,0,0,0,0,0,0,0,0,0,0,0,0,0,0,0,0,0,0,0,0,0,0,0,0,0,0,0,0,0,0,0,0,0,0,0,0,0,0,0,0,0,0,0,0,0,0,0,0,0,0,0,1,0,0,0,0,0,0,0,0,0,0,0,0,0,0,0,0,0,0,0,0,0,0,0,12,0,87,0,58,0,30,0,34,0,15,0,12,0,0,0
720575940628330885,183359232,720575940603820716,225.228118896484,124,0.516453742980957,0.464611977338791,0.0153448488563299,0.0002116324321832,0.0009182777721434,0.0024595935828983,463224,257296,69800,463360,257376,69800,0,0,0,0,0,0,0,0,0,0,0,0,0,0,0,0,0,0,0,0,0,0,0,0,0,0,0,0,0,0,0,0,0,0,0,0,0,0,0,0,0,0,0,0,0,0,0,0,0,0,0,0,0,0,0,0,0,0,0,0,0,0,0,0,0,0,0,0,0,0,0,0,0,0,0,0,0,0,0,0,0,0,0,0,0,0,0,0,0,0,0,0,0,0,0,0,0,0,0,0,0,0,0,1,0,0,0,0,0,0,0,0,0,0,0,0
720575940628343634,5205606998,-5188146759916558800,8095.404393196105,6600,24.853183675557375,15.145440011052413,1.3373228085047222,0.0044175031247450855,1.7113514978767619,0.9482840841160385,22188948,10045284,3857760,22189144,10044924,3857800,0,0,0,0,0,0,0,0,0,0,0,0,0,0,0,0,0,0,0,0,0,0,0,0,0,0,0,0,0,0,0,0,0,0,0,0,0,0,0,0,0,0,0,0,0,0,0,0,0,0,0,0,0,0,0,0,0,0,0,0,0,0,0,0,0,0,0,0,0,0,0,0,0,0,0,0,0,0,0,0,0,0,0,0,0,0,0,0,0,0,0,0,0,0,0,0,0,0,0,0,0,0,0,0,0,0,0,0,0,0,0,38,0,0,0,0
720575940628352850,152128061,720575940625293514,33.0079040527344,84,0.85705441236496,0.0279090814292431,0.0743615180253983,7.39467723178677e-05,0.0190932787954807,0.0215077083557844,451624,269560,90120,451608,269624,90080,0,0,0,0,0,0,0,0,0,0,0,0,0,0,0,0,0,0,0,0,0,0,0,0,0,0,0,0,0,0,0,0,0,0,0,0,0,0,0,0,0,0,0,0,0,0,0,0,0,0,0,0,0,0,0,0,0,0,0,0,0,0,0,0,0,0,0,0,0,0,0,0,0,0,0,0,0,0,0,0,0,0,0,0,0,0,0,0,0,0,0,0,0,0,0,0,0,0,0,0,0,0,0,0,0,0,0,0,0,1,0,0,0,0,0,0
720575940628420264,5166647847,8214565729552041075,7386.265229701998,5082,23.566221065819263,8.52488447321616,2.2169133502211467,0.3378824681566443,0.8449126589460801,1.5091864046288483,21676580,9337684,1889160,21677688,9337184,1889360,0,0,0,0,0,0,0,0,0,0,0,0,0,0,0,0,0,0,0,0,0,0,0,0,0,0,0,0,0,0,0,0,0,0,0,0,0,0,0,0,0,0,0,0,0,0,0,0,0,0,0,0,0,0,0,0,0,0,0,0,0,0,0,0,0,0,0,0,0,0,0,0,0,0,0,0,0,0,0,0,0,0,0,0,0,0,0,0,0,0,0,0,0,0,0,0,0,0,0,0,1,0,9,0,16,0,0,0,0,0,0,0,0,0,0,0
720575940628861188,2746567908,-1152921498842615762,1573.3867845535278,2825,0.312607791595878,0.03132127723067956,0.00913208365645145,16.1962867078837,6.508921751450629,0.941730334471589,12487684,6159948,1607760,12488208,6160052,1607720,0,0,0,0,0,0,0,0,0,0,0,0,0,0,1,0,0,0,0,0,0,0,0,0,0,0,0,0,0,0,0,0,0,0,0,0,0,0,0,0,0,0,0,0,0,0,0,0,0,0,0,0,0,0,0,0,0,0,0,0,0,0,0,0,0,0,0,0,0,0,0,0,0,0,0,0,0,0,0,0,0,0,0,0,0,0,0,0,0,0,0,0,0,0,0,0,0,0,0,0,1,0,7,5,0,4,1,2,0,1,0,0,0,0,0,0
720575940628914436,8459654457,7349874612704747075,14234.197563171394,11972,36.67222430597758,21.961244288213496,1.005429013609725,0.01856280735583546,11.406944523517948,15.935595068996006,40759032,21397160,6100960,40759172,21396496,6101160,0,0,0,0,0,0,0,0,0,0,0,0,0,0,0,0,0,0,0,0,0,0,0,1,0,0,0,0,0,2,0,0,0,0,0,0,0,0,0,0,0,0,0,0,0,0,0,0,0,0,0,0,0,0,0,0,0,0,0,0,0,0,0,0,0,0,0,1,0,0,0,0,0,0,0,0,0,0,0,0,0,0,0,0,0,0,0,0,0,0,0,0,0,0,0,0,0,0,0,0,0,2,0,30,0,14,0,3,0,0,0,7,0,0,0,0
720575940628914692,216401249,1441151881250487735,229.5843925476076,302,0.7990461103618148,0.21874520927667618,0.0685910061001777,0.046984079687717936,0.7232092609629032,0.1434244066476819,910560,464740,104480,910448,464368,104480,0,0,0,0,0,0,0,0,0,0,0,0,0,0,0,0,0,0,0,0,0,0,0,0,0,0,0,0,0,0,0,0,0,0,0,0,0,0,0,0,0,0,0,0,0,0,0,0,0,0,0,0,0,0,0,0,0,0,0,0,0,0,0,0,0,0,0,0,0,0,0,0,0,0,0,0,0,0,0,0,0,0,0,0,0,0,0,0,0,0,0,0,0,0,0,0,0,0,0,0,0,0,0,0,0,0,0,0,0,0,0,0,0,0,0,0
720575940629461442,262841690,1441151881237845988,118.4458618164062,207,0.8945727236568931,0.8442183211445808,0.0675289649516344,0.0008219200544771814,0.0900550782680512,0.10280299000442031,1156448,544888,147320,1156492,545000,147320,0,0,0,0,0,0,0,0,0,0,0,0,0,0,0,0,0,0,0,0,0,0,0,0,0,0,0,0,0,0,0,0,0,0,0,0,0,0,0,0,0,0,0,0,0,0,0,0,0,0,0,0,0,0,0,0,0,0,0,0,0,0,0,0,0,0,0,0,0,0,0,0,0,0,0,0,0,0,0,0,0,0,0,0,0,0,0,0,0,0,0,0,0,0,0,0,0,0,0,0,0,0,0,0,0,0,1,0,0,0,0,0,1,0,0,0
720575940629589292,172611830,720575940613942557,23.925077438354503,149,0.0432249903678894,0.588578820228577,0.366138309240341,1.5241024442502798e-08,0.0013989839935675,0.0006589334225282,594568,265468,71840,594408,265516,71880,0,0,0,0,0,0,0,0,0,0,0,0,0,0,0,0,0,0,0,0,0,0,0,0,0,0,0,0,0,0,0,0,0,0,0,0,0,0,0,0,0,0,0,0,0,0,0,0,0,0,0,0,0,0,0,0,0,0,0,0,0,0,0,0,0,0,0,0,0,0,0,0,0,0,0,0,0,0,0,0,0,0,0,0,0,0,0,0,0,0,0,0,0,0,0,0,0,0,0,0,0,0,0,0,0,0,0,0,1,0,0,0,0,0,0,0
720575940630225403,17561214284,4611686057395103315,27274.920743942268,21971,63.79838348657359,42.917479567902774,1.8271400457991218,0.014161774805162002,28.163169932176515,23.2796653060177,93341120,41442576,9765520,93341808,41443208,9765680,0,0,0,0,0,0,0,0,0,0,0,0,0,0,0,0,0,0,0,0,0,0,0,0,0,0,0,0,0,0,0,0,0,0,0,0,0,0,0,0,0,0,0,0,0,0,0,0,0,0,0,0,0,0,0,0,0,0,0,0,0,0,0,0,0,0,0,0,0,0,0,0,0,0,0,0,0,0,0,0,0,0,0,0,0,0,0,0,0,0,0,0,0,0,0,0,0,0,0,0,11,0,70,0,16,0,13,0,8,0,16,0,0,0,1,0
720575940630407388,13014693752,-5476377110995044943,29365.939283370968,20412,85.94191519072047,16.41157436610365,3.6713681244126475,0.015868861171026375,27.32031876197634,12.638955449134665,84211588,39343720,10253600,84211640,39344480,10253440,0,0,0,0,0,0,0,0,0,0,0,0,0,0,0,0,0,0,0,0,0,0,0,0,0,0,0,0,0,0,0,0,0,0,0,0,0,0,0,0,0,0,0,0,0,0,0,0,0,0,0,0,0,0,0,0,0,0,0,0,0,0,0,0,0,0,0,0,0,0,0,0,0,0,0,0,0,0,0,0,0,0,0,0,0,0,0,0,0,0,0,0,0,0,2,0,0,0,0,0,8,0,4,0,5,0,66,0,33,0,4,0,15,0,0,0
720575940630571052,4438018845,2017612645861762068,9892.919873237615,7409,14.903607677435502,12.665317754101125,1.628970352776377,0.096802762878446,11.776487479830395,12.928814403741853,25316500,13621064,3962000,25317536,13620428,3962280,0,0,0,0,0,0,0,0,0,0,0,0,0,0,0,0,0,0,0,0,0,0,0,0,0,0,0,0,0,0,0,0,0,0,0,0,0,0,0,0,0,0,0,0,0,0,0,0,0,0,0,0,0,0,0,0,0,0,0,0,0,0,0,0,0,0,0,0,0,0,0,0,0,0,0,0,0,0,0,0,0,0,0,0,0,0,0,0,0,0,0,0,0,0,0,0,0,0,0,0,0,3,0,11,0,28,0,3,0,2,0,0,0,0,0,1
720575940630704211,212517678,1441151881264976629,150.07801437377944,236,0.780589140951634,0.1816640906035898,0.9452171390876175,0.0002728523977565,0.054275772068649496,0.037981059867888606,1151224,516220,114640,1151388,516284,114680,0,0,0,0,0,0,0,0,0,0,0,0,0,0,0,0,0,0,0,0,0,0,0,0,0,0,0,0,0,0,0,0,0,0,0,0,0,0,0,0,0,0,0,0,0,0,0,0,0,0,0,0,0,0,0,0,0,0,0,0,0,0,0,0,0,0,0,0,0,0,0,0,0,0,0,0,0,0,0,0,0,0,0,0,0,0,0,0,0,0,0,0,0,0,0,0,0,0,0,0,0,0,0,0,2,0,0,0,0,0,0,0,0,0,0,0
720575940630799042,99322290,720575940637096026,244.29248046875,118,0.0938224792480469,0.358950793743134,0.401890873908997,0.0064430432394146,0.0112975873053074,0.127595216035843,473992,252704,87240,473972,252592,87240,0,0,0,0,0,0,0,0,0,0,0,0,0,0,0,0,0,0,0,0,0,0,0,0,0,0,0,0,0,0,0,0,0,0,0,0,0,0,0,0,0,0,0,0,0,0,0,0,0,0,0,0,0,0,0,0,0,0,0,0,0,0,0,0,0,0,0,0,0,0,0,0,0,0,0,0,0,0,0,0,0,0,0,0,0,0,0,0,0,0,0,0,0,0,0,0,0,0,0,0,0,0,0,0,0,0,0,0,0,0,0,0,0,1,0,0
720575940630916650,384729548,2161727821858038144,48.03289604187011,330,0.16669134830590332,0.131790661253035,1.5541423223912711,0.0035703476169145374,1.0688999688718457,0.0749053403269499,1709520,752000,219600,1709584,751928,219680,0,0,0,0,0,0,0,0,0,0,0,0,0,0,0,0,0,0,0,0,0,0,0,0,0,0,0,0,0,0,0,0,0,0,0,0,0,0,0,0,0,0,0,0,0,0,0,0,0,0,0,0,0,0,0,0,0,0,0,0,0,0,0,0,0,0,0,0,0,0,0,0,0,0,0,0,0,0,0,0,0,0,0,0,0,0,0,0,0,0,0,0,0,0,0,0,0,0,0,0,0,0,0,0,0,0,0,0,1,0,1,0,1,0,0,0
720575940631448680,205927424,720575940646372228,137.256744384766,79,1.0,5.4939572891044e-09,2.90492851995339e-10,1.28767920640179e-16,1.56609414325715e-09,1.24165788761843e-08,488868,248428,82360,488804,248324,82360,0,0,0,0,0,0,0,0,0,0,0,0,0,0,0,0,0,0,0,0,0,0,0,0,0,0,0,0,0,0,0,0,0,0,0,0,0,0,0,0,0,0,0,0,0,0,0,0,0,0,0,0,0,0,0,0,0,0,0,0,0,0,0,0,0,0,0,0,0,0,0,0,0,0,0,0,0,0,0,0,0,0,0,0,0,0,0,0,0,0,0,0,0,0,0,0,0,0,0,0,0,0,0,0,0,0,0,1,0,0,0,0,0,0,0,0
720575940631618920,171740210,720575940631875298,84.6648712158203,164,0.0007994244806468,0.003598733106628,0.0009949449449777,0.0002740176278166,0.984216690063477,0.0101162362843752,585332,270636,63840,585272,270744,63840,0,0,0,0,0,0,0,0,0,0,0,0,0,0,0,0,0,0,0,0,0,0,0,0,0,0,0,0,0,0,0,0,0,0,0,0,0,0,0,0,0,0,0,0,0,0,0,0,0,0,0,0,0,0,0,0,0,0,0,0,0,0,0,0,0,0,0,0,0,0,0,0,0,0,0,0,0,0,0,0,0,0,0,0,0,0,0,0,0,0,0,0,0,0,0,0,0,0,0,0,0,0,0,0,1,0,0,0,0,0,0,0,0,0,0,0
720575940631619921,20359436035,-2738188525164843150,31472.37877225876,27274,62.49283694464248,90.34947016951628,2.1809823703356503,0.03205866734972463,17.934767510447667,28.0098856170689,94514204,50139768,14619240,94511608,50143528,14618840,0,0,0,0,0,0,0,0,0,0,0,0,0,0,0,0,0,0,0,0,0,0,0,0,0,0,0,0,0,0,0,0,0,0,0,0,0,0,0,0,0,0,0,0,0,0,0,0,0,0,0,0,0,0,0,0,0,0,0,0,0,0,0,0,0,0,0,0,0,0,0,0,0,0,0,0,0,0,0,0,0,0,0,0,0,0,0,0,0,0,0,0,0,0,0,0,0,0,0,0,0,15,0,62,0,28,0,13,0,9,0,25,0,1,0,4
720575940631858373,171739696,720575940635969399,56.54931640625,133,0.453659296035767,0.458188861608505,0.0052007907070219,0.0041725453920662,0.046655859798193,0.0321226045489311,580128,270720,62520,580120,270896,62480,0,0,0,0,0,0,0,0,0,0,0,0,0,0,0,0,0,0,0,0,0,0,0,0,0,0,0,0,0,0,0,0,0,0,0,0,0,0,0,0,0,0,0,0,0,0,0,0,0,0,0,0,0,0,0,0,0,0,0,0,0,0,0,0,0,0,0,0,0,0,0,0,0,0,0,0,0,0,0,0,0,0,0,0,0,0,0,0,0,0,0,0,0,0,0,0,0,0,0,0,0,0,0,0,1,0,0,0,0,0,0,0,0,0,0,0
720575940631942341,3479113774,1729382263633410794,2820.3387579917917,3858,0.6849127908734758,0.07516707642647243,0.016661014235219082,19.268640698093805,6.875572510157469,1.0790457600358403,14609988,7122836,1833360,14610200,7122180,1833800,0,0,0,0,0,0,0,0,0,0,0,0,0,0,0,0,0,0,0,0,0,0,0,0,0,0,0,0,0,0,0,0,0,0,0,0,0,0,0,0,0,0,0,0,0,0,0,0,0,0,0,0,0,0,0,0,0,0,0,0,0,0,0,0,0,0,0,0,0,0,0,0,0,0,0,0,0,0,0,0,0,0,0,0,0,0,0,0,0,0,0,0,0,0,0,0,0,0,0,0,2,2,1,7,1,1,0,0,3,0,2,2,0,0,0,0
720575940631975884,14536496434,4323455674379359012,24412.47194623947,18207,46.865727465075906,41.39114531751511,2.34964728895881,0.37338620220970903,19.11791226119482,23.902180603447047,63016948,33288264,9593960,63018920,33287740,9594120,0,0,0,0,0,0,0,0,0,0,0,0,0,0,0,0,0,0,0,1,0,0,0,0,0,0,0,0,0,0,0,0,0,0,0,0,0,0,0,0,0,0,0,0,0,0,0,0,0,0,0,0,0,0,0,0,0,0,0,0,0,0,0,0,0,0,0,2,0,0,0,0,0,0,0,0,0,0,0,0,0,0,0,0,0,0,0,0,0,0,0,0,0,0,0,0,0,0,0,0,0,5,0,30,0,21,0,16,0,4,0,12,0,0,0,4
720575940632198442,7505655903,8502796111359003703,16098.656181335451,8670,41.67902298271656,10.324466879683314,2.38270193464268,0.05189812029020959,1.2341725242397943,7.327738057288116,29430884,15266764,4031800,29430532,15268204,4032320,0,0,0,0,0,0,0,0,0,0,0,0,0,0,0,0,0,0,0,3,0,0,0,2,0,0,0,0,0,0,0,0,0,0,0,0,0,0,0,0,0,0,0,0,0,0,0,0,0,0,0,0,0,0,0,0,0,0,0,0,0,0,0,0,0,0,0,5,0,0,0,0,0,0,0,0,0,0,0,0,0,0,0,0,0,0,0,0,0,0,0,0,0,0,0,0,0,0,0,0,0,0,0,5,0,25,0,0,0,0,0,0,0,0,0,0
720575940632795532,174843316623,-6341067917005628588,294120.4900989533,200228,979.3853227556683,353.6268680826235,25.44629259488803,1.2026920371236915,36.87445830480851,79.46436745457483,695638704,372649100,117459440,695655088,372659652,117465200,0,0,0,0,0,0,0,0,0,0,0,0,0,0,0,0,0,0,0,0,0,0,0,0,0,0,0,0,0,0,0,0,0,0,0,0,0,0,0,0,0,0,0,0,0,0,0,0,0,0,0,0,0,0,0,0,0,0,0,0,0,0,0,0,0,0,0,2,0,0,0,0,0,0,0,0,0,0,0,0,0,0,0,0,0,0,0,0,0,0,0,0,0,0,0,0,0,0,0,0,0,26,0,135,0,408,0,126,0,145,0,403,0,64,0,11
720575940633212441,31093270750,-5476377081008098759,52022.35795259477,37462,94.80040481535252,104.38793517769955,4.380638919909816,0.43814963795731265,39.10082578280599,30.89204672703408,128708516,67656156,20000920,128709152,67653936,20001160,0,0,0,0,0,0,0,0,0,0,0,0,0,0,0,0,0,0,0,0,0,0,0,0,0,0,0,0,0,0,0,0,0,0,0,0,0,0,0,0,0,0,0,0,0,0,0,0,0,0,0,0,0,0,0,0,0,0,0,0,0,0,0,0,0,0,0,1,0,1,0,0,0,0,0,0,0,0,0,0,0,0,0,0,0,0,0,0,0,0,0,0,0,0,0,0,0,0,0,0,0,16,0,72,0,18,0,25,0,5,0,76,0,0,0,2
720575940633294796,18337359338,2305843060273620150,37430.73161888123,28826,96.30628500126525,24.85721902541263,9.493143719641493,1.2705023858903048,58.60326916552435,17.46958092178332,120044964,54725036,14057680,120044624,54725292,14058880,0,0,0,0,0,0,0,0,0,0,0,0,0,0,0,0,0,0,0,0,0,0,0,0,0,0,0,0,0,0,0,0,0,0,0,0,0,0,0,0,0,0,0,0,0,0,0,0,0,0,0,0,0,0,0,0,0,0,0,0,0,0,0,0,0,0,0,0,0,0,0,0,0,0,0,0,0,0,0,0,0,0,0,0,0,0,0,0,0,0,0,0,0,0,0,0,0,0,0,0,0,0,20,0,17,0,88,0,43,0,10,0,6,0,0,0
720575940633372185,8049552055,3026418969830541269,13390.220544338232,11305,14.437013225862758,43.262180586578324,16.54312897440104,0.016108440075723904,4.294126340028014,2.4474424093232283,47939652,22026812,6217560,47937500,22028388,6218560,0,0,0,0,0,0,0,0,0,0,0,0,0,0,0,0,0,0,0,0,0,0,0,0,0,0,0,0,0,0,0,0,0,0,0,0,0,0,0,0,0,0,0,0,0,0,0,0,0,0,0,0,0,0,0,0,0,0,0,0,0,0,0,0,0,0,0,0,0,0,0,0,0,0,0,0,0,0,0,0,0,0,0,0,0,0,0,0,0,0,0,0,0,0,0,0,0,0,0,0,0,0,0,0,0,0,0,0,76,0,0,0,1,1,0,0
720575940633625184,232670977,1441151881240789685,225.0281829833985,257,0.9280387442559,1.0054085887968536,0.0098634567475527,8.07074193289736e-05,0.025689308531582397,0.0309191327542066,940844,475992,150640,940920,475896,150600,0,0,0,0,0,0,0,0,0,0,0,0,0,0,0,0,0,0,0,0,0,0,0,0,0,0,0,0,0,0,0,0,0,0,0,0,0,0,0,0,0,0,0,0,0,0,0,0,0,0,0,0,0,0,0,0,0,0,0,0,0,0,0,0,0,0,0,0,0,0,0,0,0,0,0,0,0,0,0,0,0,0,0,0,0,0,0,0,0,0,0,0,0,0,0,0,0,0,0,0,0,0,0,1,0,0,0,0,0,0,0,1,0,0,0,0
720575940633741229,8096138054,-7782220139639254981,10235.710000038147,8896,38.29656636156142,18.92725854672608,1.565712622007309,0.0063481955403848,2.035686603257395,5.1684275858024185,38870008,16400408,3223200,38870020,16397396,3223760,0,0,0,0,0,0,0,0,0,0,0,0,0,0,0,0,0,0,0,0,0,0,2,0,0,0,0,0,1,0,0,0,0,0,0,0,0,0,0,0,0,0,0,0,0,0,0,0,0,0,0,0,0,0,0,0,0,0,0,0,0,0,0,0,0,0,0,0,0,0,0,0,0,0,0,0,0,0,0,0,0,0,0,0,0,0,0,0,0,0,0,0,0,0,0,0,0,0,0,0,0,0,7,0,23,0,0,0,0,0,0,0,0,0,0,0
720575940633772452,38053634430,1152921592685194980,61341.88774585725,50469,105.51042255020002,166.25776800918175,4.3871476507745335,0.013767636296703,60.28634489713035,23.544550742601725,207822320,93067832,23224040,207819972,93071144,23224920,0,0,0,0,0,0,0,0,0,0,0,0,0,0,0,0,0,0,0,0,0,0,0,0,0,0,0,0,0,0,0,0,0,0,0,0,0,0,0,0,0,0,0,0,0,0,0,0,0,0,0,0,0,0,0,0,0,0,0,0,0,0,0,0,0,0,0,0,0,0,0,0,0,0,0,0,0,0,0,0,0,0,0,0,0,0,0,0,0,0,0,0,0,0,9,0,0,0,0,0,12,0,75,0,29,0,77,0,20,0,77,0,1,0,3,0
720575940634034839,7382984674,-3458764496637721852,15535.245021820076,9455,25.863072607200593,16.78334337990964,4.004715345661679,0.0063091762730961305,11.507864363080444,13.834694680583194,33792888,18075036,5217400,33793052,18075828,5217400,0,0,0,0,0,0,0,0,0,0,0,0,0,0,0,0,0,0,0,0,0,0,0,0,0,0,0,0,0,0,0,0,0,0,0,0,0,0,0,0,0,0,0,0,0,0,0,0,0,0,0,0,0,0,0,0,0,0,0,0,0,0,0,0,0,0,0,0,0,0,0,0,0,0,0,0,0,0,0,0,0,0,0,0,0,0,0,0,0,0,0,0,0,0,0,0,0,0,0,0,0,1,0,15,0,28,0,5,0,0,0,0,0,3,0,0
720575940634545890,127501982555,-8070450237497600506,237949.9589033127,160755,804.1753277766693,259.3061494495626,10.535063426977391,1.0165085228265107,62.93097859292914,50.03597645613355,690757104,312717820,76512160,690756184,312722436,76515240,0,0,0,0,0,0,0,0,0,0,0,0,0,0,0,0,0,0,0,0,0,0,0,0,0,0,0,0,0,0,0,0,0,0,0,0,0,0,0,0,0,0,0,0,0,0,0,0,0,0,0,0,0,0,0,0,0,0,0,0,0,0,0,0,0,0,0,0,0,0,0,0,0,0,0,0,0,0,0,0,0,0,0,0,0,0,0,0,0,0,0,0,0,0,0,0,0,0,0,0,74,0,120,0,386,0,140,0,125,0,182,0,24,0,2,0
720575940636241550,54221502,720575940627944464,10.5294399261475,142,0.0280822776257992,0.0003703997645061,0.00256087211892,2.46112250579245e-07,0.23114375770092,0.737842500209808,479096,243696,72280,479132,243708,72320,0,0,0,0,0,0,0,0,0,0,0,0,0,0,0,0,0,0,0,0,0,0,0,0,0,0,0,0,0,0,0,0,0,0,0,0,0,0,0,0,0,0,0,0,0,0,0,0,0,0,0,0,0,0,0,0,0,0,0,0,0,0,0,0,0,0,0,0,0,0,0,0,0,0,0,0,0,0,0,0,0,0,0,0,0,0,0,0,0,0,0,0,0,0,0,0,0,0,0,0,0,0,0,0,0,1,0,0,0,0,0,0,0,0,0,0
720575940636576948,4446443828,-7349874581956916222,5202.782008171082,5343,0.025721060210957023,0.004440462532912628,0.014941068237372799,30.005819136218634,8.108611981393189,2.8404664627538248,21142640,10236788,2780680,21142616,10236848,2780600,0,0,0,0,0,0,0,0,0,0,0,0,0,0,0,0,0,0,0,0,0,0,0,0,0,0,0,0,0,0,0,0,0,0,0,0,0,0,0,0,0,0,0,0,0,0,0,0,0,0,0,0,0,0,0,0,0,0,0,0,0,0,0,1,0,0,0,0,0,0,0,0,0,0,0,0,0,0,0,0,0,0,0,0,0,0,0,0,0,0,0,0,0,0,0,0,0,0,0,0,1,3,2,1,0,1,0,0,1,5,11,5,0,0,0,0
720575940637136752,22722162471,3602879766307829688,45967.888133525856,35401,182.20846920007898,30.286418973683606,5.806119093952507,0.014798174005926692,26.754615457365652,15.929579686611564,151455360,68706380,17645720,151457684,68703724,17646400,0,0,0,0,0,0,0,0,0,0,0,0,0,0,0,0,0,0,0,0,0,0,2,0,0,0,0,0,0,0,0,0,0,0,0,0,0,0,0,0,0,0,0,0,0,0,0,0,0,0,0,0,0,0,0,0,0,0,0,0,0,0,0,0,0,0,0,0,0,0,0,0,0,0,0,0,0,0,0,0,0,0,0,0,0,0,0,0,0,0,0,0,0,0,0,0,0,0,0,0,5,0,32,0,20,0,41,0,17,0,53,0,74,0,3,0
720575940637623780,6572264152,-8502796080399800265,16365.410096645359,8990,24.925541340606284,12.350255295779787,6.491850652069842,0.003216933873543799,16.119769457828625,5.109366137545292,37886172,16457744,3863840,37886484,16457980,3864400,0,0,0,0,0,0,0,0,0,0,0,0,0,0,0,0,0,0,0,0,0,0,1,0,0,0,0,0,0,0,0,0,0,0,0,0,0,0,0,0,0,0,0,0,0,0,0,0,0,0,0,0,0,0,0,0,0,0,0,0,0,0,0,0,0,0,0,0,0,0,0,0,0,0,0,0,0,0,0,0,0,0,0,0,0,0,0,0,0,0,0,0,0,0,1,0,0,0,0,0,1,0,12,0,12,0,4,0,3,0,14,0,0,0,0,0
720575940637633678,378149025,3602879703106936274,593.2332267761237,670,1.6568949819078909,0.0010257764019182467,0.0011523282034648905,2.3765270813032335e-08,3.30871735373512,0.03220956730544143,2360784,1249064,364400,2360992,1249308,364400,0,0,0,0,0,0,0,0,0,0,0,0,0,0,0,0,0,0,0,0,0,0,0,0,0,0,0,0,0,0,0,0,0,0,0,0,0,0,0,0,0,0,0,0,0,0,0,0,0,0,0,0,0,0,0,0,0,0,0,0,0,0,0,0,0,0,0,0,0,0,0,0,0,0,0,0,0,0,0,0,0,0,0,0,0,0,0,0,0,0,0,0,0,0,0,0,0,0,0,0,0,0,0,1,0,4,0,0,0,0,0,0,0,0,0,0
720575940638022515,55867010,1441151881245332065,231.157524108887,217,0.6317736208438873,0.788616448640823,0.15522748581133758,0.0008184106263796,0.3950723558664325,0.0284917084500193,1096652,458332,148960,1096720,458376,149000,0,0,0,0,0,0,0,0,0,0,0,0,0,0,0,0,0,0,0,0,0,0,0,0,0,0,0,0,0,0,0,0,0,0,0,0,0,0,0,0,0,0,0,0,0,0,0,0,0,0,0,0,0,0,0,0,0,0,0,0,0,0,0,0,0,0,0,0,0,0,0,0,0,0,0,0,0,0,0,0,0,0,0,0,0,0,0,0,0,0,0,0,0,0,0,0,0,0,0,0,0,0,0,0,0,0,0,0,0,0,1,0,0,0,0,0
720575940638128474,76789017931,-7782219985643967890,128261.66602373123,94517,391.1985751972534,72.8187154915322,20.377553558341575,0.4938935335290566,94.03989121949363,127.07137066597578,330297240,176227780,52920080,330290676,176230420,52922840,0,0,0,0,0,0,0,0,0,0,0,0,0,0,0,0,0,0,0,0,0,0,0,0,0,0,0,1,0,0,0,0,0,0,0,0,0,0,0,0,0,0,0,0,0,0,0,0,0,0,0,0,0,0,0,0,0,0,0,0,0,0,0,3,0,0,0,1,0,0,0,0,0,0,0,0,0,0,0,0,0,0,0,0,0,0,0,0,0,0,0,0,0,0,0,0,0,0,0,0,0,30,0,171,0,115,0,23,0,68,0,131,0,27,0,1
720575940638664014,498695559,2161727821880371007,202.5724754333496,345,0.124752779607661,1.1827595653012404,0.007954776781843899,0.0001719128284064903,1.557123914361001,0.1272371408995239,1771664,757248,141880,1771568,757184,141960,0,0,0,0,0,0,0,0,0,0,0,0,0,0,0,0,0,0,0,0,0,0,0,0,0,0,0,0,0,0,0,0,0,0,0,0,0,0,0,0,0,0,0,0,0,0,0,0,0,0,0,0,0,0,0,0,0,0,0,0,0,0,0,0,0,0,0,0,0,0,0,0,0,0,0,0,0,0,0,0,0,0,0,0,0,0,0,0,0,0,0,0,0,0,0,0,0,0,0,0,0,0,2,0,0,0,0,0,0,0,0,0,0,0,0,0
720575940639878589,23427957,720575940610460514,143.197677612305,95,0.6275697350502011,0.0238133873790503,0.0158229079097509,6.68036154820584e-05,0.118358582258224,0.214368596673012,462740,231444,61800,462824,231304,61880,0,0,0,0,0,0,0,0,0,0,0,0,0,0,0,0,0,0,0,0,0,0,0,0,0,0,0,0,0,0,0,0,0,0,0,0,0,0,0,0,0,0,0,0,0,0,0,0,0,0,0,0,0,0,0,0,0,0,0,0,0,0,0,0,0,0,0,0,0,0,0,0,0,0,0,0,0,0,0,0,0,0,0,0,0,0,0,0,0,0,0,0,0,0,0,0,0,0,0,0,0,0,0,0,0,0,0,0,0,0,0,0,0,0,0,0
720575940639892413,389513471,1441151881217012307,876.464813232422,206,0.1150761470198631,0.9427505433559421,0.47273378074169203,0.010155206080525999,0.1501530976966024,0.3091312572360041,920384,515480,152360,920268,515640,152360,0,0,0,0,0,0,0,0,0,0,0,0,0,0,0,0,0,0,0,0,0,0,0,0,0,0,0,0,0,0,0,0,0,0,0,0,0,0,0,0,0,0,0,0,0,0,0,0,0,0,0,0,0,0,0,0,0,0,0,0,0,0,0,0,0,0,0,0,0,0,0,0,0,0,0,0,0,0,0,0,0,0,0,0,0,0,0,0,0,0,0,0,0,0,0,0,0,0,0,0,0,0,0,0,0,0,0,0,0,1,0,0,0,0,0,0
720575940640415859,20706687370,-6052837844980871920,39075.16353607178,31548,65.77424798274296,99.68354562177774,2.1938276918126514,0.0050531930328960055,33.233364451174104,21.109960541707547,129028136,56988384,13699080,129024684,56989856,13699760,0,0,0,0,0,0,0,0,0,0,0,0,0,0,1,0,0,0,0,0,0,0,0,0,0,0,0,0,0,0,0,0,0,0,0,0,0,0,0,0,0,0,0,0,0,0,0,0,0,0,0,0,0,0,0,0,0,0,0,0,0,0,0,0,0,0,0,0,0,0,0,0,0,0,0,0,1,0,0,0,0,0,0,0,0,0,0,0,0,0,0,0,0,0,0,0,0,0,0,0,11,0,76,0,10,0,34,0,24,0,26,0,0,0,0,0
720575940640803200,109548173622,5476377394152629439,178142.3315253258,135969,492.02336277728216,148.72453872088192,25.227514820969738,0.22672387514615205,221.61041041814704,118.18744770814601,586859300,262735404,63885520,586859140,262735032,63887000,0,0,0,0,0,0,0,0,0,0,0,0,0,0,0,0,0,0,3,0,0,0,0,0,0,0,0,0,0,0,0,0,0,0,0,0,0,0,0,0,0,0,0,0,1,0,0,0,0,0,0,0,0,0,0,0,0,0,0,0,0,0,0,0,0,0,0,0,0,0,0,0,0,0,0,0,2,0,0,0,0,0,0,0,0,0,0,0,0,0,0,0,0,0,1,0,0,0,0,0,34,0,214,0,159,0,110,0,163,0,134,0,48,0,1,0
720575940640830453,8336669294,1585267087691804334,15058.624767780302,10524,26.39978866511956,8.587999045506876,13.232998837564084,0.05410081559941257,15.064120882197356,15.660991754888524,37001768,19612112,5519480,36999896,19611140,5519560,0,0,0,0,0,0,0,0,0,0,0,0,0,0,0,0,0,0,0,0,0,0,0,0,0,0,0,0,0,1,0,0,0,0,0,0,0,0,0,0,0,0,0,0,0,0,0,0,0,0,0,0,0,0,0,0,0,0,0,0,0,0,0,0,0,0,0,1,0,0,0,0,0,0,0,0,0,0,0,0,0,0,0,0,0,0,0,0,0,0,0,0,0,0,0,0,0,0,0,0,0,9,0,19,0,15,0,1,0,1,0,7,0,3,0,3
720575940641592795,44970129443,1729382355993941240,74378.52988529207,55462,160.8414491827425,140.14088814123534,10.086643363849609,0.5595947458507268,52.00829559073588,48.36313065956437,193961788,102277132,30848160,193959288,102275400,30849040,0,0,0,0,0,0,0,0,0,0,0,0,0,0,0,0,0,0,0,2,0,0,0,0,0,0,0,0,0,3,0,0,0,0,0,0,0,0,0,0,0,0,0,0,0,0,0,0,0,0,0,0,0,0,0,0,0,0,0,0,0,0,0,1,0,0,0,3,0,0,0,0,0,0,0,0,0,0,0,0,0,0,0,0,0,0,0,0,0,0,0,0,0,0,0,0,0,0,0,0,0,31,0,102,0,27,0,53,0,26,0,92,0,1,0,6
720575940642015477,545572910,2161727821864857784,73.56346368789671,273,1.043255820870399,0.7208023816347124,0.9954382106661788,0.0054369728313758,0.025681997532956198,0.2093846932984887,1650596,725016,211080,1650696,725272,211040,0,0,0,0,0,0,0,0,0,0,0,0,0,0,0,0,0,0,0,0,0,0,0,0,0,0,0,0,0,0,0,0,0,0,0,0,0,0,0,0,0,0,0,0,0,0,0,0,0,0,0,0,0,0,0,0,0,0,0,0,0,0,0,0,0,0,0,0,0,0,0,0,0,0,0,0,0,0,0,0,0,0,0,0,0,0,0,0,0,0,0,0,0,0,0,0,0,0,0,0,0,0,1,0,0,0,0,0,0,0,1,1,0,0,0,0
720575940644362788,689327023,2882303762484344847,1219.4577960968024,442,1.7483444064855589,0.5488377597648642,0.45119561627507265,0.00029538685453189573,0.6073193341253498,0.6440074311540224,1953944,931244,334760,1954220,931584,334680,0,0,0,0,0,0,0,0,0,0,0,0,0,0,0,0,0,0,0,0,0,0,0,0,0,0,0,0,0,0,0,0,0,0,0,0,0,0,0,0,0,0,0,0,0,0,0,0,0,0,0,0,0,0,0,0,0,0,0,0,0,0,0,0,0,0,0,0,0,0,0,0,0,0,0,0,0,0,0,0,0,0,0,0,0,0,0,0,0,0,0,0,0,0,0,0,0,0,0,0,0,0,0,0,0,0,0,0,0,0,0,4,0,0,0,0
720575940644704160,7332272517,-7782220140335044409,12565.888249397281,8743,26.013559161219746,6.991116961507938,10.646057503618065,0.008198396988080468,8.478574358212116,13.86249380408117,31096112,16476128,4704040,31097264,16477076,4703880,0,0,0,0,0,0,0,0,0,0,0,0,0,0,0,0,0,0,0,0,0,0,0,0,0,0,0,1,0,0,0,0,0,0,0,0,0,0,0,0,0,0,0,0,0,0,0,0,0,0,0,0,0,0,0,0,0,0,0,0,0,0,0,0,0,0,0,0,0,0,0,0,0,0,0,0,0,0,0,0,0,0,0,0,0,0,0,0,0,0,0,0,0,0,0,0,0,0,0,0,0,12,0,13,0,17,0,4,0,0,0,2,0,1,0,0
720575940645199924,178106861,1441151881283468254,128.2473621368413,293,0.0883413925766945,1.7501466870307931,0.053410622756928205,0.0028022923506795,0.020638054003938998,0.0846609584987162,939292,508412,166720,939436,508392,166720,0,0,0,0,0,0,0,0,0,0,0,0,0,0,0,0,0,0,0,0,0,0,0,0,0,0,0,0,0,0,0,0,0,0,0,0,0,0,0,0,0,0,0,0,0,0,0,0,0,0,0,0,0,0,0,0,0,0,0,0,0,0,0,0,0,0,0,0,0,0,0,0,0,0,0,0,0,0,0,0,0,0,0,0,0,0,0,0,0,0,0,0,0,0,0,0,0,0,0,0,0,0,0,0,0,1,0,0,0,0,0,0,0,1,0,0
720575940645372964,142552324,1441151881242959812,46.0814857482911,197,0.3875084146857261,1.42594975233078,0.091805750504136,0.0011395027395337,0.0436280677095056,0.04996851133182639,1178580,522500,121000,1178636,522596,120920,0,0,0,0,0,0,0,0,0,0,0,0,0,0,0,0,0,0,0,0,0,0,0,0,0,0,0,0,0,0,0,0,0,0,0,0,0,0,0,0,0,0,0,0,0,0,0,0,0,0,0,0,0,0,0,0,0,0,0,0,0,0,0,0,0,0,0,0,0,0,0,0,0,0,0,0,0,0,0,0,0,0,0,0,0,0,0,0,0,0,0,0,0,0,0,0,0,0,0,0,0,0,2,0,0,0,0,0,0,0,0,0,0,0,0,0
720575940646372228,193549041688,-3891109766605042554,305338.23698949814,209847,54.935958723729485,1346.7455236563671,31.537515598947095,4.174820219439757,148.02071885709177,47.58546745984415,795218544,426447984,135024520,795215644,426442144,135035400,0,0,0,0,0,0,0,0,0,0,0,0,0,0,0,0,0,0,0,0,0,0,0,0,0,0,0,0,0,0,0,0,0,0,0,0,0,0,0,0,0,0,0,0,0,0,0,0,0,0,0,0,0,0,0,0,0,0,0,0,0,0,0,0,0,0,0,0,0,0,0,0,0,0,0,0,0,0,0,0,0,0,0,0,0,0,0,0,0,0,0,0,0,0,0,0,0,0,0,0,0,0,0,0,0,89,0,1376,0,0,0,0,0,58,0,0
720575940646785924,135662958860,3170534380419959259,257055.10023975375,170635,46.795207426247046,1173.7442529490236,8.808881613230373,0.32026575341980645,55.83263427050687,24.498757258313663,758309992,351924960,82487920,758305992,351938052,82496160,0,0,0,0,0,0,0,0,0,0,0,0,0,0,0,0,0,0,0,0,0,0,0,0,0,0,0,0,0,0,0,0,0,0,0,0,0,0,0,0,0,0,0,0,0,0,0,0,0,0,0,0,0,0,0,0,0,0,0,0,0,0,0,0,0,0,0,0,0,0,0,0,0,0,0,0,0,0,0,0,0,0,0,0,0,0,0,0,0,0,0,0,0,0,0,0,0,0,0,0,0,0,13,0,959,0,0,0,0,0,0,0,28,0,4,0
720575940648633988,6561296880,4179340468455125203,10436.817983627321,8008,20.14385790959932,13.38516296353191,1.5363412338010674,0.0028263211314108784,13.932759268209338,7.999052434315671,33055700,14986056,3451280,33055228,14986272,3451360,0,0,0,0,0,0,0,0,0,0,0,0,0,0,0,0,0,0,0,0,0,0,0,0,0,0,0,0,0,0,0,0,0,0,0,0,0,0,0,0,0,0,0,0,0,0,0,0,0,0,0,0,0,0,0,0,0,0,0,0,0,0,0,0,0,0,0,0,0,0,0,0,0,0,0,0,0,0,0,0,0,0,0,0,0,0,0,0,0,0,0,0,0,0,0,0,0,0,0,0,3,0,11,0,29,0,3,0,1,0,1,0,1,0,0,0
720575940650751873,21787874588,6629298694345638821,28025.334908485416,26563,87.89574873920355,77.74156456355195,11.67914773006732,1.7576344846678105,31.839410702859453,3.086494074624589,126406700,58027696,16466040,126406640,58027872,16467440,0,0,0,0,0,0,0,0,0,0,0,0,0,0,0,0,0,0,0,0,0,0,0,0,0,0,0,0,0,0,0,0,0,0,0,0,0,0,0,0,0,0,0,0,0,0,0,0,0,0,0,0,0,0,0,0,0,0,0,0,0,0,0,0,0,0,0,0,0,0,0,0,0,0,0,0,0,0,0,0,0,0,0,0,0,0,0,0,0,0,0,0,0,0,0,0,0,0,0,0,0,0,6,0,0,0,0,0,201,0,0,0,0,0,0,0
720575940651079158,90535361777,8646911451960512458,220145.1178660393,117223,58.91988167242742,637.8681299094897,32.16652630044571,6.8511062200142305,109.62598763785878,62.568367835320714,419365876,228937400,68901520,419370716,228943484,68908000,0,0,0,0,0,0,0,0,0,0,0,0,0,0,0,0,0,0,0,0,0,0,0,0,0,0,0,0,0,0,0,0,0,0,0,0,0,0,0,0,0,0,0,0,0,0,0,0,0,0,0,0,0,0,0,0,0,0,0,0,0,0,0,0,0,0,0,0,0,0,0,0,0,0,0,0,0,0,0,0,0,0,0,0,0,0,0,0,0,0,0,0,0,0,0,0,0,0,0,0,0,0,0,504,0,10,0,0,0,221,0,43,0,0,0,0
720575940651758838,30221257393,5764607587722947413,45022.893119335175,36629,81.41346919858188,118.19854296652193,2.3408998452247753,0.011391924014200375,37.54943908905915,22.486256616219176,154939240,68197352,15296920,154945656,68198456,15297240,0,0,0,0,0,0,0,0,0,0,0,0,0,0,3,0,0,0,0,0,0,0,11,0,0,0,0,0,5,0,0,0,0,0,0,0,0,0,0,0,0,0,0,0,0,0,0,0,0,0,0,0,0,0,0,0,0,0,0,0,0,0,0,0,0,0,0,0,0,0,0,0,0,0,0,0,0,0,0,0,0,0,0,0,0,0,0,0,0,0,0,0,0,0,1,0,0,0,0,0,8,0,80,0,15,0,30,0,28,0,26,0,1,0,2,0
720575940652562081,181644476,1441151881260971088,210.8476610183711,246,0.1376518728806677,0.44211021079724694,0.39165118336678,1.0026432473678142,0.0026566507585811866,0.02328673400080398,984440,495016,177800,984500,495196,177840,0,0,0,0,0,0,0,0,0,0,0,0,0,0,0,0,0,0,0,0,0,0,0,0,0,0,0,0,0,0,0,0,0,0,0,0,0,0,0,0,0,0,0,0,0,0,0,0,0,0,0,0,0,0,0,0,0,0,0,0,0,0,0,0,0,0,0,0,0,0,0,0,0,0,0,0,0,0,0,0,0,0,0,0,0,0,0,0,0,0,0,0,0,0,0,0,0,0,0,0,0,0,0,0,0,0,0,1,0,0,0,1,0,0,0,0
720575940657858433,12024843678,9079256877584647513,21470.53336143494,15749,23.86750661629776,57.91237638005987,26.761359341201224,0.018520450046198022,4.094458309501531,2.345778610037625,68213504,31217644,8726080,68211136,31218688,8726240,0,0,0,0,0,0,0,0,0,0,0,0,0,0,0,0,0,0,0,0,0,0,0,0,0,0,0,0,0,0,0,0,0,0,0,0,0,0,0,0,0,0,0,0,0,0,0,0,0,0,0,0,0,0,0,0,0,0,0,0,0,0,0,0,0,0,0,0,0,0,0,0,0,0,0,0,0,0,0,0,0,0,0,0,0,0,0,0,0,0,0,0,0,0,0,0,0,0,0,0,0,0,0,0,0,0,0,0,107,0,0,0,5,0,0,0
720575940660217473,34031319662,8070450614744241070,68196.22015857698,46944,120.53641119876102,82.09108516622473,10.573044682800408,0.19282055656146765,74.62137677581285,55.98526139582492,161315908,86362064,24964320,161317740,86360280,24965800,0,0,0,0,0,0,0,0,0,0,0,0,0,0,0,0,0,0,0,1,0,0,0,0,0,0,0,0,0,0,0,0,0,0,0,0,0,0,0,0,0,0,0,0,0,0,0,0,0,0,0,0,0,0,0,0,0,0,0,0,0,0,0,0,0,0,0,1,0,0,0,0,0,0,0,0,0,0,0,0,0,0,0,0,0,0,0,0,0,0,0,0,0,0,0,0,0,0,0,0,0,28,0,89,0,80,0,20,0,23,0,21,0,12,0,1
720575940660217985,4900946469,-2305842997439837647,12238.78448915482,6728,29.269964169710875,11.325792673710502,0.5824589291740915,0.0019544879164280953,4.666353780880379,2.15347622652861,28085008,13280744,3325920,28084176,13280980,3326360,0,0,0,0,0,0,0,0,0,0,0,0,0,0,0,0,0,0,0,0,0,0,0,0,0,0,0,0,0,0,0,0,0,0,0,0,0,0,0,0,0,0,0,0,0,0,0,0,0,0,0,0,0,0,0,0,0,0,0,0,0,0,0,0,0,0,0,0,0,0,0,0,0,0,0,0,0,0,0,0,0,0,0,0,0,0,0,0,0,0,0,0,0,0,1,0,0,0,0,0,0,0,1,0,14,0,11,0,18,0,0,0,0,0,0,0
