ids,root_id
720575940628346194,
720575940612856342,
720575940614344354,
720575940610609454,
720575940623237161,
720575940621307574,
720575940617422641,
720575940620566808,
720575940623307447,
720575940626991147,
720575940640477603,
720575940634035863,
720575940628514647,
720575940625879537,
720575940635066975,
720575940628954112,
720575940618210614,
720575940639594611,
720575940626043218,
720575940611520721,
720575940619766219,
720575940625627023,
720575940630432815,
720575940659611777,
720575940624879911,
720575940622331882,
720575940612856273,
720575940619772525,
720575940604911793,
720575940615189465,
720575940631801671,
720575940614871106,
720575940619376767,
720575940623673802,
720575940621762081,
720575940646661252,
720575940630584079,
720575940610773782,
720575940617839739,
720575940604414636,
720575940644238871,
720575940621817046,
720575940620196628,
720575940633552028,
720575940635838606,
720575940633356883,
720575940604403628,
720575940614774923,
720575940637185252,
720575940625176094,
,720575940619059102
,720575940631558113
,720575940651758838
,720575940613635737
,720575940616999069
,720575940625630212
,720575940628420264
,720575940628914692
,720575940644704160
,720575940623000858
,720575940610680274
,720575940628861188
,720575940608241365
,720575940616169578
,720575940619078091
,720575940609881749
,720575940621831804
,720575940616579257
,720575940621659563
,720575940625977802
,720575940623955637
,720575940606385440
,720575940622457443
,720575940623636701
,720575940614308758
,720575940626681146
,720575940637623780
,720575940621607093
,720575940638128474
,720575940633831264
,720575940617327590
,720575940619024774
,720575940629111814
,720575940609959726
,720575940610157688
,720575940611906713
,720575940627927573
,720575940631858373
,720575940610669614
,720575940618021755
,720575940612637554
,720575940619007664
,720575940617987113
,720575940614570793
,720575940605758142
,720575940628343634
,720575940621251818
,720575940623136717
,720575940609282825
,720575940651079158
