root_id,
720575940619930534,
720575940611720362,
720575940615856345,
720575940617041728,
720575940646372228,
720575940636878254,
720575940638389437,
720575940616999069,
720575940621659563,
720575940621831804,
720575940625293514,
720575940627677258,
720575940613191591,
720575940650751873,
720575940613794114,
720575940616039197,
720575940618512624,
720575940619024774,
720575940623793741,
720575940627944464,
720575940629007230,
720575940631875298,
720575940632913461,
720575940633059381,
720575940635969399,
720575940646785924,
720575940622082518,
720575940613914774,
720575940613914774,
720575940616239873,
720575940617969961,
720575940620602236,
720575940620634537,
720575940624673936,
720575940630644281,
720575940633280107,
720575940638509952,
720575940611377893,
720575940614711638,
720575940614919709,
720575940618531544,
720575940618574983,
720575940619075073,
720575940621009023,
720575940622581651,
720575940623030861,
720575940623065013,
720575940625868184,
720575940626256992,
720575940627150991,
720575940628945516,
720575940630282297,
720575940637494837,
720575940643707246,
720575940622625097,
720575940629275898,
720575940633670904,
720575940614634786,
720575940635767524,
720575940614842262,
720575940614996018,
720575940620459702,
720575940622457028,
720575940624011278,
720575940626125626,
720575940629693302,
720575940632714465,
720575940633274524,
720575940637096026,
720575940638300093,
720575940648747385,
720575940615553397,
720575940627264262,
720575940603820716,
720575940605264305,
720575940609792206,
720575940610460514,
720575940614570793,
720575940617665950,
720575940617986089,
720575940617986345,
720575940620847086,
720575940623476661,
720575940627271230,
720575940630271862,
720575940635916942,
720575940622112726,
720575940623209703,
720575940634781620,
720575940614921501,
720575940617987113,
720575940620644446,
720575940622700749,
720575940651079158,
720575940604931249,
720575940613941533,
720575940613942045,
720575940613942301,
720575940613942557,
720575940625148174,
720575940625657928,
720575940626580361